Rank,School,School URL,District,District URL,Address,City,City URL,Zip,County,Phone,Low Grade,High Grade,Is Title I,Is Charter,Is Magnet,Is Virtual,Number Students,Number Full-time Teachers,Student/Teacher Ratio,Percent Free/Disc Lunch,Percent African American,Percent American Indian,Percent Asian,Percent Hispanic,Percent Pacific Islander,Percent Two or More Races,Percent White,Average Standard Score (2024-25)
1,D'Evelyn Junior/Senior High School,https://www.schooldigger.com/go/CO/schools/0480000964/school.aspx,Jefferson County School District No. R-1,https://www.schooldigger.com/go/CO/district/04800/search.aspx,10359 W Nassau Avenue,Denver,https://www.schooldigger.com/go/CO/city/Denver/search.aspx,80235,Jefferson County,(303) 982-2600,6,12,No,No,No,No,1212,58,20.8,13.00%,0.80%,0.20%,14.70%,15.90%,0.20%,5.90%,62.10%,98.3
2,Liberty Common Charter School,https://www.schooldigger.com/go/CO/schools/0399001608/school.aspx,Poudre School District R-1,https://www.schooldigger.com/go/CO/district/03990/search.aspx,1725 Sharp Point Drive,Fort Collins,https://www.schooldigger.com/go/CO/city/Fort+Collins/search.aspx,80525,Larimer County,(970) 482-9800,KG,12,No,Yes,No,No,1516,77.6,19.5,,0.90%,0.10%,4.90%,6.70%,0.10%,5.80%,81.50%,98.3
3,Stargate Charter School,https://www.schooldigger.com/go/CO/schools/0690000728/school.aspx,Adams 12 Five Star Schools,https://www.schooldigger.com/go/CO/district/06900/search.aspx,14530 Washington Street,Thornton,https://www.schooldigger.com/go/CO/city/Thornton/search.aspx,80023,Adams County,(303) 450-3936,KG,12,No,Yes,No,No,1572,80.7,19.4,10.40%,1.00%,0.40%,29.90%,10.70%,0.10%,9.90%,47.60%,97.9
4,The Vanguard School (High),https://www.schooldigger.com/go/CO/schools/0453006370/school.aspx,Harrison School District No. 2,https://www.schooldigger.com/go/CO/district/04530/search.aspx,1832 South Wahsatch,Colorado Springs,https://www.schooldigger.com/go/CO/city/Colorado+Springs/search.aspx,80905,El Paso County,(719) 471-1999,9,12,No,Yes,No,No,303,30.2,10,24.80%,3.30%,0.30%,9.20%,25.70%,0.30%,12.20%,48.80%,97.6
5,Golden View Classical Academy,https://www.schooldigger.com/go/CO/schools/0002006639/school.aspx,State Charter School Institute,https://www.schooldigger.com/go/CO/district/00020/search.aspx,601 Corporate Circle,Golden,https://www.schooldigger.com/go/CO/city/Golden/search.aspx,80401,Jefferson County,(720) 598-6700,KG,12,No,Yes,No,No,737,42.3,17.3,,0.70%,0.30%,2.70%,7.30%,0.30%,3.70%,85.10%,96.7
6,Fairview High School,https://www.schooldigger.com/go/CO/schools/0249000114/school.aspx,Boulder Valley School District No. Re2,https://www.schooldigger.com/go/CO/district/02490/search.aspx,1515 Greenbriar Boulevard,Boulder,https://www.schooldigger.com/go/CO/city/Boulder/search.aspx,80305,Boulder County,(720) 561-3100,9,12,No,No,No,No,1863,80.7,23,14.50%,1.20%,0.40%,10.10%,12.10%,0.10%,7.80%,68.10%,95.8
7,TCA College Pathways,https://www.schooldigger.com/go/CO/schools/0192006447/school.aspx,Academy School District No. 20,https://www.schooldigger.com/go/CO/district/01920/search.aspx,12201 Cross Peak View,Colorado Springs,https://www.schooldigger.com/go/CO/city/Colorado+Springs/search.aspx,80921,El Paso County,(719) 488-6294,7,12,No,Yes,No,Yes,502,21.6,23.1,,2.60%,0.00%,3.80%,10.60%,0.00%,5.80%,77.30%,95.6
8,Mesa Valley Community School,https://www.schooldigger.com/go/CO/schools/0435006384/school.aspx,Mesa County Valley School District No. 51,https://www.schooldigger.com/go/CO/district/04350/search.aspx,609 25 Road,Grand Junction,https://www.schooldigger.com/go/CO/city/Grand+Junction/search.aspx,81505,Mesa County,(970) 254-7202,6,12,No,Yes,No,No,178,11.9,14.8,29.80%,0.00%,0.00%,2.20%,11.80%,0.60%,7.90%,77.50%,95.4
9,Peak to Peak Charter School,https://www.schooldigger.com/go/CO/schools/0249001792/school.aspx,Boulder Valley School District No. Re2,https://www.schooldigger.com/go/CO/district/02490/search.aspx,800 Merlin Drive,Lafayette,https://www.schooldigger.com/go/CO/city/Lafayette/search.aspx,80026,Boulder County,(303) 453-4600,KG,12,No,Yes,No,No,1447,81.7,17.6,17.60%,0.80%,0.20%,23.30%,12.80%,0.20%,7.00%,55.70%,95.2
10,Denver School of the Arts,https://www.schooldigger.com/go/CO/schools/0336001574/school.aspx,School District No. 1,https://www.schooldigger.com/go/CO/district/03360/search.aspx,7111 Montview Blvd,Denver,https://www.schooldigger.com/go/CO/city/Denver/search.aspx,80220,Denver County,(720) 424-1700,6,12,No,No,No,No,1044,51.6,20.1,15.80%,5.80%,0.20%,3.90%,19.00%,0.00%,9.30%,59.90%,95.1
11,Ridgeview Classical Schools,https://www.schooldigger.com/go/CO/schools/0399001717/school.aspx,Poudre School District R-1,https://www.schooldigger.com/go/CO/district/03990/search.aspx,1800 South Lemay Avenue,Fort Collins,https://www.schooldigger.com/go/CO/city/Fort+Collins/search.aspx,80525,Larimer County,(970) 494-4620,KG,12,No,Yes,No,No,721,47.8,15,,1.10%,0.00%,2.10%,6.90%,0.00%,6.70%,83.20%,94.8
12,Windsor Charter Academy Early College High School,https://www.schooldigger.com/go/CO/schools/0735006650/school.aspx,Weld County Reorganized School District No. Re-4,https://www.schooldigger.com/go/CO/district/07350/search.aspx,810 Automation Drive,Windsor,https://www.schooldigger.com/go/CO/city/Windsor/search.aspx,80550,Weld County,(970) 833-5190,9,12,No,Yes,No,No,435,23.7,18.3,17.00%,1.40%,0.00%,2.10%,13.80%,0.00%,4.60%,78.20%,94.5
13,STEM School Highlands Ranch,https://www.schooldigger.com/go/CO/schools/0345006493/school.aspx,Douglas County School District No. Re 1,https://www.schooldigger.com/go/CO/district/03450/search.aspx,8773 Ridgeline Drive,Highlands Ranch,https://www.schooldigger.com/go/CO/city/Highlands+Ranch/search.aspx,80129,Douglas County,(303) 683-7836,KG,12,No,Yes,No,No,1394,79,17.6,13.50%,2.50%,0.30%,26.30%,12.10%,0.40%,7.70%,50.70%,94.3
14,Jefferson Academy Secondary,https://www.schooldigger.com/go/CO/schools/0480001922/school.aspx,Jefferson County School District No. R-1,https://www.schooldigger.com/go/CO/district/04800/search.aspx,11251 Reed Way,Broomfield,https://www.schooldigger.com/go/CO/city/Broomfield/search.aspx,80020,Broomfield County,(720) 887-1992,7,12,No,Yes,No,No,696,38.4,18.1,13.20%,1.00%,0.00%,5.30%,12.60%,0.00%,8.00%,73.00%,94.3
15,The Classical Academy High School,https://www.schooldigger.com/go/CO/schools/0192001943/school.aspx,Academy School District No. 20,https://www.schooldigger.com/go/CO/district/01920/search.aspx,975 Stout Road,Colorado Springs,https://www.schooldigger.com/go/CO/city/Colorado+Springs/search.aspx,80921,El Paso County,(719) 484-0091,9,12,No,Yes,No,No,616,52.2,11.7,13.10%,1.50%,0.50%,2.60%,9.70%,0.20%,5.50%,80.00%,94
16,Fossil Ridge High School,https://www.schooldigger.com/go/CO/schools/0399001848/school.aspx,Poudre School District R-1,https://www.schooldigger.com/go/CO/district/03990/search.aspx,5400 Ziegler Road,Fort Collins,https://www.schooldigger.com/go/CO/city/Fort+Collins/search.aspx,80528,Larimer County,(970) 488-6260,9,12,No,No,No,No,1846,95.8,19.2,16.40%,1.00%,0.10%,6.30%,11.70%,0.10%,4.60%,76.10%,92.8
17,Rock Canyon High School,https://www.schooldigger.com/go/CO/schools/0345001961/school.aspx,Douglas County School District No. Re 1,https://www.schooldigger.com/go/CO/district/03450/search.aspx,5810 McArthur Ranch Road,Highlands Ranch,https://www.schooldigger.com/go/CO/city/Highlands+Ranch/search.aspx,80124,Douglas County,(303) 387-3000,9,12,No,No,No,No,2325,104.1,22.3,8.40%,0.90%,0.40%,16.40%,11.70%,0.10%,5.30%,65.20%,92.7
18,Monarch High School,https://www.schooldigger.com/go/CO/schools/0249001632/school.aspx,Boulder Valley School District No. Re2,https://www.schooldigger.com/go/CO/district/02490/search.aspx,329 Campus Drive,Louisville,https://www.schooldigger.com/go/CO/city/Louisville/search.aspx,80027,Boulder County,(720) 561-4200,9,12,No,No,No,No,1431,64.4,22.2,16.20%,0.60%,0.10%,5.00%,11.30%,0.20%,5.70%,76.70%,92.3
19,Prospect Ridge Academy,https://www.schooldigger.com/go/CO/schools/0690006507/school.aspx,Adams 12 Five Star Schools,https://www.schooldigger.com/go/CO/district/06900/search.aspx,2555 Preble Creek Pkwy,Broomfield,https://www.schooldigger.com/go/CO/city/Broomfield/search.aspx,80023,Broomfield County,(720) 399-0300,KG,12,No,Yes,No,No,1478,77.1,19.1,5.90%,0.70%,0.40%,14.80%,13.30%,0.10%,6.50%,64.20%,92.2
20,Cherry Creek High School,https://www.schooldigger.com/go/CO/schools/0291000186/school.aspx,Cherry Creek School District No. 5,https://www.schooldigger.com/go/CO/district/02910/search.aspx,9300 East Union Avenue,Greenwood Village,https://www.schooldigger.com/go/CO/city/Greenwood+Village/search.aspx,80111,Arapahoe County,(720) 554-2000,9,12,No,No,No,No,3852,186.5,20.6,20.20%,4.50%,0.60%,12.80%,14.90%,0.30%,7.90%,58.50%,91.5
21,Arapahoe High School,https://www.schooldigger.com/go/CO/schools/0531000873/school.aspx,Littleton School District No. 6,https://www.schooldigger.com/go/CO/district/05310/search.aspx,2201 East Dry Creek Road,Centennial,https://www.schooldigger.com/go/CO/city/Centennial/search.aspx,80122,Arapahoe County,(303) 347-6000,9,12,No,No,No,No,1748,77.6,22.5,16.80%,1.90%,0.00%,1.90%,11.30%,0.30%,5.50%,79.10%,91.2
22,Evergreen High School,https://www.schooldigger.com/go/CO/schools/0480000719/school.aspx,Jefferson County School District No. R-1,https://www.schooldigger.com/go/CO/district/04800/search.aspx,29300 Buffalo Road,Evergreen,https://www.schooldigger.com/go/CO/city/Evergreen/search.aspx,80439,Jefferson County,(303) 982-5140,9,12,No,No,No,No,909,44.7,20.2,10.70%,1.10%,0.10%,0.70%,8.80%,0.00%,2.90%,86.50%,91.2
23,Ralston Valley Senior High School,https://www.schooldigger.com/go/CO/schools/0480001797/school.aspx,Jefferson County School District No. R-1,https://www.schooldigger.com/go/CO/district/04800/search.aspx,13355 West 80th Avenue,Arvada,https://www.schooldigger.com/go/CO/city/Arvada/search.aspx,80005,Jefferson County,(303) 982-5600,9,12,No,No,No,No,1875,87.9,21.3,9.00%,0.60%,0.10%,2.50%,11.80%,0.10%,3.50%,81.50%,90.7
24,Colorado Early Colleges Douglas County,https://www.schooldigger.com/go/CO/schools/0002006634/school.aspx,State Charter School Institute,https://www.schooldigger.com/go/CO/district/00020/search.aspx,321 Inverness Drive South,Englewood,https://www.schooldigger.com/go/CO/city/Englewood/search.aspx,80112,Douglas County,(720) 638-6824,9,12,No,Yes,No,No,1035,45.5,22.7,19.20%,2.50%,0.30%,4.30%,14.60%,0.10%,6.10%,72.10%,90.4
25,Telluride High School,https://www.schooldigger.com/go/CO/schools/0687001171/school.aspx,Telluride School District No. R-1,https://www.schooldigger.com/go/CO/district/06870/search.aspx,725 West Colorado Avenue,Telluride,https://www.schooldigger.com/go/CO/city/Telluride/search.aspx,81435,San Miguel County,(970) 728-4377,9,12,No,No,No,No,298,19.2,15.4,30.90%,0.00%,0.30%,0.00%,20.50%,0.00%,1.70%,77.50%,90.3
26,Compass Community Collaborative School,https://www.schooldigger.com/go/CO/schools/0399006762/school.aspx,Poudre School District R-1,https://www.schooldigger.com/go/CO/district/03990/search.aspx,2105 South College Avenue,Fort Collins,https://www.schooldigger.com/go/CO/city/Fort+Collins/search.aspx,80525,Larimer County,(970) 372-4242,6,12,No,Yes,No,No,179,13.7,13,17.30%,0.60%,0.00%,1.10%,14.50%,0.00%,3.90%,79.30%,90
27,Norwood Public Schools,https://www.schooldigger.com/go/CO/schools/0588001012/school.aspx,Norwood School District No. R-2j,https://www.schooldigger.com/go/CO/district/05880/search.aspx,1225 West Summit Street,Norwood,https://www.schooldigger.com/go/CO/city/Norwood/search.aspx,81423,San Miguel County,(970) 327-4336,PK,12,Yes,No,No,No,191,16.6,11.4,46.60%,0.00%,2.10%,1.00%,13.60%,0.00%,3.10%,80.10%,90
28,Boulder Universal,https://www.schooldigger.com/go/CO/schools/0249006463/school.aspx,Boulder Valley School District No. Re2,https://www.schooldigger.com/go/CO/district/02490/search.aspx,6500 East Arapahoe Road,Boulder,https://www.schooldigger.com/go/CO/city/Boulder/search.aspx,80303,Boulder County,(720) 561-6253,KG,12,No,No,No,Yes,231,16.3,14.1,,3.00%,0.40%,3.90%,20.30%,0.40%,6.90%,62.80%,89.9
29,Vail Ski and Snowboard Academy (VSSA),https://www.schooldigger.com/go/CO/schools/0354006422/school.aspx,Eagle County School District No. Re 50,https://www.schooldigger.com/go/CO/district/03540/search.aspx,1 Academy Loop,Minturn,https://www.schooldigger.com/go/CO/city/Minturn/search.aspx,81645,Eagle County,(970) 328-2832,5,12,No,No,No,No,278,20.1,13.7,,0.00%,0.00%,0.00%,6.80%,0.00%,5.00%,88.10%,89.9
30,Conifer Senior High School,https://www.schooldigger.com/go/CO/schools/0480001542/school.aspx,Jefferson County School District No. R-1,https://www.schooldigger.com/go/CO/district/04800/search.aspx,10441 County Highway 73,Conifer,https://www.schooldigger.com/go/CO/city/Conifer/search.aspx,80433,Jefferson County,(303) 982-5255,9,12,No,No,No,No,819,43.1,18.9,17.00%,0.40%,0.10%,0.90%,9.30%,0.00%,2.90%,86.30%,89.4
31,Stratton Senior High School,https://www.schooldigger.com/go/CO/schools/0678001163/school.aspx,School District No. R-4,https://www.schooldigger.com/go/CO/district/06780/search.aspx,219 Illinois Avenue,Stratton,https://www.schooldigger.com/go/CO/city/Stratton/search.aspx,80836,Kit Carson County,(719) 348-5369,9,12,No,No,No,No,64,6.4,9.9,25.00%,0.00%,1.60%,0.00%,18.80%,0.00%,0.00%,79.70%,89.4
32,Pine Creek High School,https://www.schooldigger.com/go/CO/schools/0192001645/school.aspx,Academy School District No. 20,https://www.schooldigger.com/go/CO/district/01920/search.aspx,10750 Thunder Mountain Avenue,Colorado Springs,https://www.schooldigger.com/go/CO/city/Colorado+Springs/search.aspx,80908,El Paso County,(719) 234-2600,9,12,No,No,No,No,1875,99.5,18.8,15.30%,3.10%,0.30%,7.40%,16.30%,0.10%,10.00%,62.80%,88.4
33,Crested Butte Secondary School,https://www.schooldigger.com/go/CO/schools/0447000655/school.aspx,Gunnison Watershed School District Re1J,https://www.schooldigger.com/go/CO/district/04470/search.aspx,818 Red Lady Avenue,Crested Butte,https://www.schooldigger.com/go/CO/city/Crested+Butte/search.aspx,81224,Gunnison County,(970) 641-7720,6,12,No,No,No,No,400,28.2,14.1,16.30%,0.00%,0.50%,0.50%,6.30%,0.00%,2.00%,90.80%,88.1
34,Heritage High School,https://www.schooldigger.com/go/CO/schools/0531000881/school.aspx,Littleton School District No. 6,https://www.schooldigger.com/go/CO/district/05310/search.aspx,1401 West Geddes Avenue,Littleton,https://www.schooldigger.com/go/CO/city/Littleton/search.aspx,80120,Arapahoe County,(303) 347-7600,9,12,No,No,No,No,1748,78.2,22.3,20.00%,0.80%,0.10%,2.10%,13.70%,0.10%,3.80%,79.40%,87.9
35,Centaurus High School,https://www.schooldigger.com/go/CO/schools/0249000107/school.aspx,Boulder Valley School District No. Re2,https://www.schooldigger.com/go/CO/district/02490/search.aspx,10300 South Boulder Road,Lafayette,https://www.schooldigger.com/go/CO/city/Lafayette/search.aspx,80026,Boulder County,(720) 561-7500,9,12,No,No,No,No,1557,78,19.9,30.80%,0.90%,0.10%,2.70%,26.70%,0.00%,5.00%,64.20%,87.8
36,Thunderridge High School,https://www.schooldigger.com/go/CO/schools/0345001529/school.aspx,Douglas County School District No. Re 1,https://www.schooldigger.com/go/CO/district/03450/search.aspx,1991 Wildcat Reserve Parkway,Highlands Ranch,https://www.schooldigger.com/go/CO/city/Highlands+Ranch/search.aspx,80129,Douglas County,(303) 387-2000,9,12,No,No,No,No,1820,82.1,22.1,11.50%,1.00%,0.40%,3.20%,14.50%,0.10%,5.50%,75.20%,87.3
37,Mountain Vista High School,https://www.schooldigger.com/go/CO/schools/0345001748/school.aspx,Douglas County School District No. Re 1,https://www.schooldigger.com/go/CO/district/03450/search.aspx,10585 Mountain Vista Ridge,Highlands Ranch,https://www.schooldigger.com/go/CO/city/Highlands+Ranch/search.aspx,80126,Douglas County,(303) 387-1500,9,12,No,No,No,No,2169,92.3,23.4,12.70%,1.70%,0.10%,6.00%,14.00%,0.10%,6.20%,71.90%,86.6
38,Pikes Peak Early College,https://www.schooldigger.com/go/CO/schools/0387006694/school.aspx,El Paso County Colorado School District 49,https://www.schooldigger.com/go/CO/district/03870/search.aspx,6113 Constitution Ave,Colorado Springs,https://www.schooldigger.com/go/CO/city/Colorado+Springs/search.aspx,80915,El Paso County,(719) 494-8941,9,12,No,No,No,Yes,204,6.5,31.1,,2.90%,1.00%,2.90%,13.20%,0.00%,7.80%,72.10%,86.5
39,Legacy High School,https://www.schooldigger.com/go/CO/schools/0690001784/school.aspx,Adams 12 Five Star Schools,https://www.schooldigger.com/go/CO/district/06900/search.aspx,2701 West 136th Street,Broomfield,https://www.schooldigger.com/go/CO/city/Broomfield/search.aspx,80023,Broomfield County,(720) 972-6700,9,12,No,No,No,No,2052,97,21.1,23.90%,1.30%,0.30%,5.80%,25.20%,0.10%,6.50%,60.80%,86.2
40,Niwot High School,https://www.schooldigger.com/go/CO/schools/0537000918/school.aspx,St. Vrain Valley School District No. Re1J,https://www.schooldigger.com/go/CO/district/05370/search.aspx,8989 E. Niwot Road,Niwot,https://www.schooldigger.com/go/CO/city/Niwot/search.aspx,80503,Boulder County,(303) 652-2550,9,12,No,No,No,No,1509,64.9,23.2,25.60%,1.30%,0.30%,5.60%,24.40%,0.10%,4.40%,64.00%,86.1
41,Ascend College Prep,https://www.schooldigger.com/go/CO/schools/0028206842/school.aspx,Education Reenvisioned BOCES,https://www.schooldigger.com/go/CO/district/00282/search.aspx,1650 Telstar Drive,Colorado Springs,https://www.schooldigger.com/go/CO/city/Colorado+Springs/search.aspx,80920,El Paso County,(877) 449-4199,10,12,No,No,No,No,109,6,18,,0.90%,1.80%,0.90%,8.30%,0.00%,5.50%,82.60%,86
42,Boulder High School,https://www.schooldigger.com/go/CO/schools/0249000101/school.aspx,Boulder Valley School District No. Re2,https://www.schooldigger.com/go/CO/district/02490/search.aspx,1604 Arapahoe Avenue,Boulder,https://www.schooldigger.com/go/CO/city/Boulder/search.aspx,80302,Boulder County,(720) 561-2200,9,12,No,No,No,No,1939,91.1,21.2,34.50%,1.00%,0.10%,2.60%,28.90%,0.10%,4.80%,62.10%,85.8
43,Loveland Classical School,https://www.schooldigger.com/go/CO/schools/0540006534/school.aspx,Thompson School District R-2j,https://www.schooldigger.com/go/CO/district/05400/search.aspx,3835 SW 14th Street,Loveland,https://www.schooldigger.com/go/CO/city/Loveland/search.aspx,80537,Larimer County,(970) 541-1507,KG,12,No,Yes,No,No,1032,61.3,16.8,22.60%,0.90%,0.60%,0.60%,15.60%,0.10%,3.10%,79.20%,85.5
44,St. Vrain Virtual High School,https://www.schooldigger.com/go/CO/schools/0537006532/school.aspx,St. Vrain Valley School District No. Re1J,https://www.schooldigger.com/go/CO/district/05370/search.aspx,1200 South Sunset Street,Longmont,https://www.schooldigger.com/go/CO/city/Longmont/search.aspx,80501,Boulder County,(303) 591-8627,9,12,No,No,No,Yes,69,19.5,3.5,14.50%,0.00%,1.40%,2.90%,11.60%,0.00%,5.80%,78.30%,84.5
45,Colorado Early Colleges Fort Collins,https://www.schooldigger.com/go/CO/schools/0002006542/school.aspx,State Charter School Institute,https://www.schooldigger.com/go/CO/district/00020/search.aspx,4424 Innovation Drive,Fort Collins,https://www.schooldigger.com/go/CO/city/Fort+Collins/search.aspx,80525,Larimer County,(970) 377-0044,6,12,No,Yes,No,No,971,39.6,24.5,33.50%,2.10%,0.30%,3.00%,16.90%,0.10%,4.00%,73.50%,84.2
46,Skyview Academy,https://www.schooldigger.com/go/CO/schools/0345006455/school.aspx,Douglas County School District No. Re 1,https://www.schooldigger.com/go/CO/district/03450/search.aspx,6161 Business Center Drive,Highlands Ranch,https://www.schooldigger.com/go/CO/city/Highlands+Ranch/search.aspx,80130,Douglas County,(303) 471-8439,PK,12,No,Yes,No,No,1358,84,16.1,15.10%,2.30%,0.70%,20.20%,13.50%,0.20%,9.00%,54.10%,83.8
47,Chatfield High School,https://www.schooldigger.com/go/CO/schools/0480001383/school.aspx,Jefferson County School District No. R-1,https://www.schooldigger.com/go/CO/district/04800/search.aspx,7227 South Simms Street,Littleton,https://www.schooldigger.com/go/CO/city/Littleton/search.aspx,80127,Jefferson County,(303) 982-3670,9,12,No,No,No,No,1808,91.4,19.7,18.30%,0.90%,0.20%,2.50%,15.30%,0.10%,4.30%,76.80%,83.4
48,Air Academy High School,https://www.schooldigger.com/go/CO/schools/0192000002/school.aspx,Academy School District No. 20,https://www.schooldigger.com/go/CO/district/01920/search.aspx,551 North Frontage Road West,Usaf Academy,https://www.schooldigger.com/go/CO/city/Usaf+Academy/search.aspx,80840,El Paso County,(719) 234-2400,9,12,No,No,No,No,1380,78.1,17.6,18.30%,2.80%,0.10%,3.30%,17.20%,0.10%,7.50%,69.00%,83
49,Aspen High School,https://www.schooldigger.com/go/CO/schools/0228000047/school.aspx,Aspen School District No. 1,https://www.schooldigger.com/go/CO/district/02280/search.aspx,235 High School Road,Aspen,https://www.schooldigger.com/go/CO/city/Aspen/search.aspx,81611,Pitkin County,(970) 925-3760,9,12,No,No,No,No,559,44.5,12.5,,0.40%,0.00%,2.00%,14.70%,0.00%,2.10%,80.90%,82.5
50,Renaissance Secondary School,https://www.schooldigger.com/go/CO/schools/0345006714/school.aspx,Douglas County School District No. Re 1,https://www.schooldigger.com/go/CO/district/03450/search.aspx,3954 Trail Boss Lane,Castle Rock,https://www.schooldigger.com/go/CO/city/Castle+Rock/search.aspx,80104,Douglas County,(720) 689-6120,6,12,No,Yes,No,No,441,26.5,16.6,17.50%,0.90%,0.00%,1.40%,12.90%,0.00%,3.40%,81.40%,82.3
51,Village High School,https://www.schooldigger.com/go/CO/schools/0192006434/school.aspx,Academy School District No. 20,https://www.schooldigger.com/go/CO/district/01920/search.aspx,1110 Chapel Hills Drive,Colorado Springs,https://www.schooldigger.com/go/CO/city/Colorado+Springs/search.aspx,80920,El Paso County,(719) 234-1970,9,12,No,No,No,Yes,532,30.2,17.6,,3.00%,0.40%,0.90%,11.80%,0.20%,6.20%,77.40%,82.2
52,McClave Undivided High School,https://www.schooldigger.com/go/CO/schools/0558000963/school.aspx,McClave School District No. Re-2,https://www.schooldigger.com/go/CO/district/05580/search.aspx,308 Lincoln Street,Mc Clave,https://www.schooldigger.com/go/CO/city/Mc+Clave/search.aspx,81057,Bent County,(719) 829-4517,7,12,No,No,No,No,105,9,11.5,25.70%,0.00%,0.00%,0.00%,24.80%,0.00%,1.90%,73.30%,82.2
53,Early College Academy,https://www.schooldigger.com/go/CO/schools/0441006657/school.aspx,GreeleySchool District No. 6,https://www.schooldigger.com/go/CO/district/04410/search.aspx,5509 West 11th Street,Greeley,https://www.schooldigger.com/go/CO/city/Greeley/search.aspx,80634,Weld County,(970) 348-6295,9,12,No,No,No,No,293,1,281.7,62.10%,1.70%,0.00%,1.70%,66.20%,0.00%,2.70%,27.60%,81.1
54,Palmer Ridge High School,https://www.schooldigger.com/go/CO/schools/0582006369/school.aspx,Lewis-Palmer Consolidated School District No. 38,https://www.schooldigger.com/go/CO/district/05820/search.aspx,19255 Monument Hill Road,Monument,https://www.schooldigger.com/go/CO/city/Monument/search.aspx,80132,El Paso County,(719) 867-8600,9,12,No,No,No,No,1066,51.7,20.5,,1.40%,0.20%,1.50%,13.30%,0.20%,6.50%,76.90%,81
55,Rocky Mountain High School,https://www.schooldigger.com/go/CO/schools/0399000545/school.aspx,Poudre School District R-1,https://www.schooldigger.com/go/CO/district/03990/search.aspx,1300 West Swallow Road,Fort Collins,https://www.schooldigger.com/go/CO/city/Fort+Collins/search.aspx,80526,Larimer County,(970) 488-7023,9,12,No,No,No,No,2044,104.3,19.5,34.40%,1.80%,0.40%,0.70%,18.50%,0.00%,4.10%,74.50%,80.9
56,Fleming High School,https://www.schooldigger.com/go/CO/schools/0393000512/school.aspx,School District No. Re-3 Frenchman,https://www.schooldigger.com/go/CO/district/03930/search.aspx,506 North Fremont Ave,Fleming,https://www.schooldigger.com/go/CO/city/Fleming/search.aspx,80728,Logan County,(970) 265-2022,7,12,No,No,No,No,90,6.6,13.5,31.10%,0.00%,0.00%,1.10%,7.80%,0.00%,0.00%,91.10%,80.9
57,Westgate Community School,https://www.schooldigger.com/go/CO/schools/0690006417/school.aspx,Adams 12 Five Star Schools,https://www.schooldigger.com/go/CO/district/06900/search.aspx,12500 Washington St,Thornton,https://www.schooldigger.com/go/CO/city/Thornton/search.aspx,80241,Adams County,(303) 452-0967,KG,12,No,Yes,No,No,540,27,20,38.30%,0.70%,0.60%,11.10%,26.90%,0.00%,8.10%,52.20%,80.9
58,Discovery Canyon Campus High School,https://www.schooldigger.com/go/CO/schools/0192001905/school.aspx,Academy School District No. 20,https://www.schooldigger.com/go/CO/district/01920/search.aspx,1810 Northgate Boulevard,Colorado Springs,https://www.schooldigger.com/go/CO/city/Colorado+Springs/search.aspx,80921,El Paso County,(719) 234-1800,9,12,No,No,No,No,1021,56,18.2,17.20%,3.00%,0.30%,5.60%,15.70%,0.00%,7.80%,67.60%,80.7
59,Lyons Middle/Senior High School,https://www.schooldigger.com/go/CO/schools/0537000912/school.aspx,St. Vrain Valley School District No. Re1J,https://www.schooldigger.com/go/CO/district/05370/search.aspx,100 McConnell Drive,Lyons,https://www.schooldigger.com/go/CO/city/Lyons/search.aspx,80540,Boulder County,(303) 823-6631,6,12,No,No,No,No,344,23.8,14.3,26.20%,0.30%,0.30%,0.30%,9.30%,0.00%,4.40%,85.50%,80.6
60,Grandview High School,https://www.schooldigger.com/go/CO/schools/0291001625/school.aspx,Cherry Creek School District No. 5,https://www.schooldigger.com/go/CO/district/02910/search.aspx,20500 East Arapahoe Road,Aurora,https://www.schooldigger.com/go/CO/city/Aurora/search.aspx,80016,Arapahoe County,(720) 886-6500,9,12,No,No,No,No,2684,135.6,19.7,30.50%,8.60%,0.40%,10.90%,21.10%,0.10%,8.40%,50.10%,80.5
61,Fort Collins High School,https://www.schooldigger.com/go/CO/schools/0399000528/school.aspx,Poudre School District R-1,https://www.schooldigger.com/go/CO/district/03990/search.aspx,3400 Lambkin Way,Fort Collins,https://www.schooldigger.com/go/CO/city/Fort+Collins/search.aspx,80525,Larimer County,(970) 488-8021,9,12,No,No,No,No,1836,98.6,18.6,37.40%,1.50%,0.80%,2.40%,25.40%,0.00%,3.90%,66.00%,80.3
62,Northfield High School,https://www.schooldigger.com/go/CO/schools/0336006660/school.aspx,School District No. 1,https://www.schooldigger.com/go/CO/district/03360/search.aspx,5500 Central Park Blvd,Denver,https://www.schooldigger.com/go/CO/city/Denver/search.aspx,80238,Denver County,(720) 423-8000,9,12,No,No,No,No,2137,115.8,18.4,32.30%,14.10%,0.40%,2.60%,29.20%,0.10%,7.40%,45.60%,80
63,Odyssey Early College and Career Options,https://www.schooldigger.com/go/CO/schools/0306006580/school.aspx,Colorado Springs School District No. 11,https://www.schooldigger.com/go/CO/district/03060/search.aspx,2115 Afton Way,Colorado Springs,https://www.schooldigger.com/go/CO/city/Colorado+Springs/search.aspx,80909,El Paso County,(719) 328-3009,9,12,No,No,No,No,287,10,28.7,51.20%,7.00%,0.30%,2.80%,30.00%,1.00%,10.50%,48.40%,79.9
64,Chaparral High School,https://www.schooldigger.com/go/CO/schools/0345001578/school.aspx,Douglas County School District No. Re 1,https://www.schooldigger.com/go/CO/district/03450/search.aspx,15655 Brookstone Drive,Parker,https://www.schooldigger.com/go/CO/city/Parker/search.aspx,80134,Douglas County,(303) 387-3500,9,12,No,No,No,No,2007,93.4,21.4,21.50%,3.20%,0.30%,5.70%,18.40%,0.10%,5.90%,66.30%,79.7
65,Golden High School,https://www.schooldigger.com/go/CO/schools/0480000733/school.aspx,Jefferson County School District No. R-1,https://www.schooldigger.com/go/CO/district/04800/search.aspx,701  24th Street,Golden,https://www.schooldigger.com/go/CO/city/Golden/search.aspx,80401,Jefferson County,(303) 982-4200,9,12,No,No,No,No,1469,68.7,21.3,22.10%,1.00%,0.50%,1.40%,14.10%,0.10%,3.90%,79.00%,79.7
66,Lewis-Palmer High School,https://www.schooldigger.com/go/CO/schools/0582001003/school.aspx,Lewis-Palmer Consolidated School District No. 38,https://www.schooldigger.com/go/CO/district/05820/search.aspx,1300 Higby Road,Monument,https://www.schooldigger.com/go/CO/city/Monument/search.aspx,80132,El Paso County,(719) 488-4720,9,12,No,No,No,No,1144,50.5,22.6,,1.60%,0.10%,1.70%,13.40%,0.10%,6.60%,76.50%,79
67,Legend High School,https://www.schooldigger.com/go/CO/schools/0345006400/school.aspx,Douglas County School District No. Re 1,https://www.schooldigger.com/go/CO/district/03450/search.aspx,22219 Hilltop Road,Parker,https://www.schooldigger.com/go/CO/city/Parker/search.aspx,80138,Douglas County,(303) 387-4500,9,12,No,No,No,No,2206,95.2,23.1,13.20%,1.30%,0.20%,4.40%,13.00%,0.30%,6.60%,74.10%,78.9
68,East High School,https://www.schooldigger.com/go/CO/schools/0336000338/school.aspx,School District No. 1,https://www.schooldigger.com/go/CO/district/03360/search.aspx,1600 City Park Esplanade,Denver,https://www.schooldigger.com/go/CO/city/Denver/search.aspx,80206,Denver County,(720) 423-8300,9,12,No,No,No,No,2476,116.6,21.2,32.50%,13.60%,0.40%,2.80%,22.90%,0.30%,7.40%,51.80%,78.9
69,Caprock Academy,https://www.schooldigger.com/go/CO/schools/0002006305/school.aspx,State Charter School Institute,https://www.schooldigger.com/go/CO/district/00020/search.aspx,714 24 1/2 Road,Grand Junction,https://www.schooldigger.com/go/CO/city/Grand+Junction/search.aspx,81505,Mesa County,(970) 243-1771,KG,12,No,Yes,No,No,871,62.6,13.9,,1.60%,0.70%,2.50%,15.20%,0.50%,3.90%,75.70%,78.7
70,Silver Creek High School,https://www.schooldigger.com/go/CO/schools/0537001814/school.aspx,St. Vrain Valley School District No. Re1J,https://www.schooldigger.com/go/CO/district/05370/search.aspx,4901 Nelson Road,Longmont,https://www.schooldigger.com/go/CO/city/Longmont/search.aspx,80503,Boulder County,(720) 494-3721,9,12,No,No,No,No,1208,52.5,22.9,27.00%,1.40%,0.20%,4.60%,21.90%,0.10%,3.50%,68.40%,78.3
71,Soroco High School,https://www.schooldigger.com/go/CO/schools/0591001014/school.aspx,South Routt School District No. Re 3,https://www.schooldigger.com/go/CO/district/05910/search.aspx,305 South Grant Street,Oak Creek,https://www.schooldigger.com/go/CO/city/Oak+Creek/search.aspx,80467,Routt County,(970) 736-2531,9,12,No,No,No,No,103,10.3,9.9,26.20%,0.00%,0.00%,1.00%,14.60%,0.00%,1.00%,83.50%,78.2
72,DSST: Cedar High School,https://www.schooldigger.com/go/CO/schools/0336006684/school.aspx,School District No. 1,https://www.schooldigger.com/go/CO/district/03360/search.aspx,150 South Pearl Street,Denver,https://www.schooldigger.com/go/CO/city/Denver/search.aspx,80209,Denver County,(303) 524-6350,9,12,No,Yes,No,No,546,34.7,15.7,57.10%,25.50%,0.20%,3.70%,35.20%,0.00%,4.60%,29.90%,77.9
73,Erie High School,https://www.schooldigger.com/go/CO/schools/0537001889/school.aspx,St. Vrain Valley School District No. Re1J,https://www.schooldigger.com/go/CO/district/05370/search.aspx,3180 County Road 5,Erie,https://www.schooldigger.com/go/CO/city/Erie/search.aspx,80516,Weld County,(303) 828-4213,9,12,No,No,No,No,1727,73.9,23.3,13.10%,0.80%,0.10%,4.60%,14.50%,0.10%,2.60%,77.40%,77.8
74,James Irwin Charter High School,https://www.schooldigger.com/go/CO/schools/0453001781/school.aspx,Harrison School District No. 2,https://www.schooldigger.com/go/CO/district/04530/search.aspx,5525 Astrozon Blvd.,Colorado Springs,https://www.schooldigger.com/go/CO/city/Colorado+Springs/search.aspx,80916,El Paso County,(719) 576-8055,9,12,No,Yes,No,No,425,26.8,15.8,48.70%,8.00%,0.00%,1.60%,50.60%,1.40%,12.20%,26.10%,77.7
75,Ascent Classical Academy of Douglas County,https://www.schooldigger.com/go/CO/schools/0002006760/school.aspx,State Charter School Institute,https://www.schooldigger.com/go/CO/district/00020/search.aspx,10004 Park Meadows Drive,Lone Tree,https://www.schooldigger.com/go/CO/city/Lone+Tree/search.aspx,80124,Douglas County,(720) 531-8775,KG,12,No,Yes,No,No,852,55.8,15.2,,0.90%,0.40%,7.70%,10.10%,0.10%,3.20%,77.60%,77.2
76,Highlands Ranch High School,https://www.schooldigger.com/go/CO/schools/0345001437/school.aspx,Douglas County School District No. Re 1,https://www.schooldigger.com/go/CO/district/03450/search.aspx,9375 Cresthill Lane,Highlands Ranch,https://www.schooldigger.com/go/CO/city/Highlands+Ranch/search.aspx,80126,Douglas County,(303) 387-2500,9,12,No,No,No,No,1323,68.9,19.1,23.70%,3.20%,0.40%,4.90%,19.40%,0.30%,7.30%,64.50%,77
77,South High School,https://www.schooldigger.com/go/CO/schools/0336000408/school.aspx,School District No. 1,https://www.schooldigger.com/go/CO/district/03360/search.aspx,1700 East Louisiana Avenue,Denver,https://www.schooldigger.com/go/CO/city/Denver/search.aspx,80210,Denver County,(720) 423-6000,9,12,No,No,No,No,1950,100.3,19.4,38.60%,7.70%,0.40%,4.10%,29.60%,0.00%,6.80%,50.90%,76.4
78,Broomfield High School,https://www.schooldigger.com/go/CO/schools/0249000103/school.aspx,Boulder Valley School District No. Re2,https://www.schooldigger.com/go/CO/district/02490/search.aspx,1 Eagle Way,Broomfield,https://www.schooldigger.com/go/CO/city/Broomfield/search.aspx,80020,Broomfield County,(720) 561-8100,9,12,No,No,No,No,1693,77.9,21.7,24.70%,1.80%,0.00%,3.40%,23.70%,0.30%,4.60%,66.10%,76.3
79,Twin Peaks Classical Academy,https://www.schooldigger.com/go/CO/schools/0537001572/school.aspx,St. Vrain Valley School District No. Re1J,https://www.schooldigger.com/go/CO/district/05370/search.aspx,340 South Sunset Street,Longmont,https://www.schooldigger.com/go/CO/city/Longmont/search.aspx,80501,Boulder County,(303) 772-7286,KG,12,No,Yes,No,No,879,57.3,15.3,38.80%,1.50%,0.10%,3.60%,29.00%,0.50%,4.80%,60.50%,76.3
80,Monument Charter Academy Secondary School,https://www.schooldigger.com/go/CO/schools/0582001536/school.aspx,Lewis-Palmer Consolidated School District No. 38,https://www.schooldigger.com/go/CO/district/05820/search.aspx,4303 Pinehurst Circle,Colorado Springs,https://www.schooldigger.com/go/CO/city/Colorado+Springs/search.aspx,80905,El Paso County,(719) 481-1950,6,12,No,Yes,No,No,541,31,17.4,10.90%,2.20%,0.00%,1.80%,10.20%,0.00%,7.90%,77.80%,75.5
81,Berthoud High School,https://www.schooldigger.com/go/CO/schools/0540000927/school.aspx,Thompson School District R-2j,https://www.schooldigger.com/go/CO/district/05400/search.aspx,850 Spartan Avenue,Berthoud,https://www.schooldigger.com/go/CO/city/Berthoud/search.aspx,80513,Larimer County,(970) 613-7700,9,12,No,No,No,No,722,36.7,19.6,14.70%,0.10%,0.80%,1.00%,15.80%,0.10%,4.00%,78.10%,75.3
82,Nederland Middle-Senior High School,https://www.schooldigger.com/go/CO/schools/0249000131/school.aspx,Boulder Valley School District No. Re2,https://www.schooldigger.com/go/CO/district/02490/search.aspx,597 Eldora Road,Nederland,https://www.schooldigger.com/go/CO/city/Nederland/search.aspx,80466,Boulder County,(720) 561-4900,6,12,No,No,No,No,235,17.5,13.4,38.30%,0.00%,0.90%,0.00%,4.70%,0.00%,5.50%,88.50%,75.1
83,Colorado Early Colleges Online Campus,https://www.schooldigger.com/go/CO/schools/0002006867/school.aspx,State Charter School Institute,https://www.schooldigger.com/go/CO/district/00020/search.aspx,321 Inverness Drive South,Englewood,https://www.schooldigger.com/go/CO/city/Englewood/search.aspx,80112,Douglas County,(303) 872-3391,6,12,(n/a),Yes,(n/a),Yes,404,9.4,42.6,,3.50%,0.50%,1.70%,17.80%,0.70%,6.40%,69.30%,75
84,Eads High School,https://www.schooldigger.com/go/CO/schools/0351000459/school.aspx,Kiowa County School District No. Re-1,https://www.schooldigger.com/go/CO/district/03510/search.aspx,210 West 10 Street,Eads,https://www.schooldigger.com/go/CO/city/Eads/search.aspx,81036,Kiowa County,(719) 438-2214,9,12,No,No,No,No,48,6.2,7.7,62.50%,0.00%,0.00%,0.00%,12.50%,0.00%,0.00%,87.50%,74.8
85,Rampart High School,https://www.schooldigger.com/go/CO/schools/0192001321/school.aspx,Academy School District No. 20,https://www.schooldigger.com/go/CO/district/01920/search.aspx,8250 Lexington Drive,Colorado Springs,https://www.schooldigger.com/go/CO/city/Colorado+Springs/search.aspx,80920,El Paso County,(719) 234-2000,9,12,No,No,No,No,1305,77.6,16.8,31.40%,3.80%,0.30%,4.50%,22.80%,0.50%,8.00%,60.00%,74.5
86,Cherokee Trail High School,https://www.schooldigger.com/go/CO/schools/0291001951/school.aspx,Cherry Creek School District No. 5,https://www.schooldigger.com/go/CO/district/02910/search.aspx,25901 Arapahoe Parkway,Aurora,https://www.schooldigger.com/go/CO/city/Aurora/search.aspx,80016,Arapahoe County,(720) 886-1900,9,12,No,No,No,No,3089,152.9,20.2,21.10%,10.10%,0.40%,9.60%,19.70%,0.20%,8.20%,51.50%,74.5
87,Lakewood High School,https://www.schooldigger.com/go/CO/schools/0480000747/school.aspx,Jefferson County School District No. R-1,https://www.schooldigger.com/go/CO/district/04800/search.aspx,9700 West 8th Avenue,Lakewood,https://www.schooldigger.com/go/CO/city/Lakewood/search.aspx,80215,Jefferson County,(303) 982-7085,9,12,No,No,No,No,1735,91.5,18.9,36.80%,2.10%,0.50%,4.30%,38.80%,0.20%,4.90%,49.30%,74.5
88,Poudre High School,https://www.schooldigger.com/go/CO/schools/0399000541/school.aspx,Poudre School District R-1,https://www.schooldigger.com/go/CO/district/03990/search.aspx,201 Impala Drive,Fort Collins,https://www.schooldigger.com/go/CO/city/Fort+Collins/search.aspx,80521,Larimer County,(970) 488-6000,9,12,No,No,No,No,1409,85.7,16.4,45.30%,1.30%,0.40%,1.10%,30.40%,0.30%,3.80%,62.70%,74.3
89,Ridgway High School,https://www.schooldigger.com/go/CO/schools/0621001090/school.aspx,Ridgway School District No. R-2,https://www.schooldigger.com/go/CO/district/06210/search.aspx,1200 Green Street,Ridgway,https://www.schooldigger.com/go/CO/city/Ridgway/search.aspx,81432,Ouray County,(970) 626-5788,9,12,No,No,No,No,97,12.1,7.9,26.80%,0.00%,0.00%,2.10%,14.40%,0.00%,10.30%,72.20%,74.3
90,Peak Virtual Academy,https://www.schooldigger.com/go/CO/schools/0579006499/school.aspx,Montrose County School District Re-1J,https://www.schooldigger.com/go/CO/district/05790/search.aspx,526 N. 6th Street,Montrose,https://www.schooldigger.com/go/CO/city/Montrose/search.aspx,81401,Montrose County,(970) 249-7726,KG,12,No,No,No,Yes,262,13.7,19,38.20%,0.00%,0.40%,0.80%,14.90%,0.00%,3.10%,80.90%,74.2
91,Castle View High School,https://www.schooldigger.com/go/CO/schools/0345001918/school.aspx,Douglas County School District No. Re 1,https://www.schooldigger.com/go/CO/district/03450/search.aspx,5254 North Meadows Dr,Castle Rock,https://www.schooldigger.com/go/CO/city/Castle+Rock/search.aspx,80109,Douglas County,(303) 387-9000,9,12,No,No,No,No,1938,80,24.2,17.80%,1.30%,0.40%,1.60%,18.30%,0.10%,6.00%,72.30%,73.1
92,Woodland Park High School,https://www.schooldigger.com/go/CO/schools/0738001267/school.aspx,Woodland Park School District No. Re-2,https://www.schooldigger.com/go/CO/district/07380/search.aspx,151 Panther Way,Woodland Park,https://www.schooldigger.com/go/CO/city/Woodland+Park/search.aspx,80863,Teller County,(719) 686-2067,9,12,No,No,No,No,490,29.4,16.6,35.70%,0.80%,0.40%,1.20%,12.40%,0.00%,6.70%,78.40%,72.8
93,New Vista High School,https://www.schooldigger.com/go/CO/schools/0249000465/school.aspx,Boulder Valley School District No. Re2,https://www.schooldigger.com/go/CO/district/02490/search.aspx,700 20th Street,Boulder,https://www.schooldigger.com/go/CO/city/Boulder/search.aspx,80302,Boulder County,(720) 561-8700,9,12,No,No,No,No,327,18.3,17.8,26.30%,1.20%,1.20%,2.10%,12.20%,0.30%,5.50%,75.20%,72.8
94,Swallows Charter Academy High School,https://www.schooldigger.com/go/CO/schools/0615006360/school.aspx,Pueblo County School District 70,https://www.schooldigger.com/go/CO/district/06150/search.aspx,101 Civic Center Drive,Pueblo West,https://www.schooldigger.com/go/CO/city/Pueblo+West/search.aspx,81007,Pueblo County,(719) 547-1627,9,12,No,Yes,No,No,178,6.6,26.9,32.00%,0.00%,0.60%,1.70%,27.00%,0.00%,11.20%,59.60%,71.9
95,Durango High School,https://www.schooldigger.com/go/CO/schools/0348000448/school.aspx,Durango School District No. 9-R,https://www.schooldigger.com/go/CO/district/03480/search.aspx,2390 Main Avenue,Durango,https://www.schooldigger.com/go/CO/city/Durango/search.aspx,81301,La Plata County,(970) 259-1630,9,12,No,No,No,No,1352,83.9,16.1,30.10%,0.80%,4.90%,0.40%,22.50%,0.10%,3.60%,67.70%,71.8
96,Liberty High School,https://www.schooldigger.com/go/CO/schools/0192001429/school.aspx,Academy School District No. 20,https://www.schooldigger.com/go/CO/district/01920/search.aspx,8720 Scarborough Drive,Colorado Springs,https://www.schooldigger.com/go/CO/city/Colorado+Springs/search.aspx,80920,El Paso County,(719) 234-2200,9,12,No,No,No,No,1526,87.5,17.4,25.40%,3.70%,0.30%,2.20%,18.70%,0.50%,8.50%,66.30%,71.4
97,Byers Junior-Senior High School,https://www.schooldigger.com/go/CO/schools/0270000164/school.aspx,Byers School District No. 32J,https://www.schooldigger.com/go/CO/district/02700/search.aspx,444 East Front Street,Byers,https://www.schooldigger.com/go/CO/city/Byers/search.aspx,80103,Arapahoe County,(303) 822-5292,7,12,No,No,No,No,235,10.4,22.5,31.90%,1.30%,0.90%,0.00%,24.70%,0.00%,1.30%,71.90%,71.3
98,Littleton High School,https://www.schooldigger.com/go/CO/schools/0531000884/school.aspx,Littleton School District No. 6,https://www.schooldigger.com/go/CO/district/05310/search.aspx,199 East Littleton Blvd,Littleton,https://www.schooldigger.com/go/CO/city/Littleton/search.aspx,80121,Arapahoe County,(303) 347-7700,9,12,No,No,No,No,1187,60.4,19.6,40.20%,2.10%,0.40%,2.60%,33.50%,0.00%,5.30%,56.00%,70.7
99,Liberty Tree Academy,https://www.schooldigger.com/go/CO/schools/0387006744/school.aspx,El Paso County Colorado School District 49,https://www.schooldigger.com/go/CO/district/03870/search.aspx,8579 Eastonville Road,Falcon,https://www.schooldigger.com/go/CO/city/Falcon/search.aspx,80831,El Paso County,(719) 338-6470,KG,12,No,Yes,No,No,602,40.5,14.8,28.10%,4.50%,0.00%,1.50%,19.30%,0.00%,8.00%,66.80%,70
100,Dakota Ridge Senior High School,https://www.schooldigger.com/go/CO/schools/0480001543/school.aspx,Jefferson County School District No. R-1,https://www.schooldigger.com/go/CO/district/04800/search.aspx,13399 West Coal Mine Avenue,Littleton,https://www.schooldigger.com/go/CO/city/Littleton/search.aspx,80127,Jefferson County,(303) 982-1970,9,12,No,No,No,No,1277,65.8,19.4,24.30%,0.90%,0.10%,4.90%,19.10%,0.00%,5.60%,69.30%,69.9
101,Williamsburg Academy of Colorado,https://www.schooldigger.com/go/CO/schools/0028206846/school.aspx,Education Reenvisioned BOCES,https://www.schooldigger.com/go/CO/district/00282/search.aspx,1942 Broadway Street Ste 314c,Boulder,https://www.schooldigger.com/go/CO/city/Boulder/search.aspx,80302,Boulder County,(303) 345-4145,6,12,(n/a),No,(n/a),Yes,622,20.1,30.8,,5.00%,0.80%,1.00%,26.70%,0.00%,9.20%,57.40%,69.8
102,Horizon High School,https://www.schooldigger.com/go/CO/schools/0690001491/school.aspx,Adams 12 Five Star Schools,https://www.schooldigger.com/go/CO/district/06900/search.aspx,5321 East 136th Avenue,Brighton,https://www.schooldigger.com/go/CO/city/Brighton/search.aspx,80602,Adams County,(720) 972-4400,9,12,No,No,No,No,1966,97.5,20.1,33.10%,1.30%,0.30%,4.90%,35.10%,0.20%,5.20%,53.00%,69.6
103,Green Mountain High School,https://www.schooldigger.com/go/CO/schools/0480000736/school.aspx,Jefferson County School District No. R-1,https://www.schooldigger.com/go/CO/district/04800/search.aspx,13175 W Green Mountain Drive,Lakewood,https://www.schooldigger.com/go/CO/city/Lakewood/search.aspx,80228,Jefferson County,(303) 982-9500,9,12,No,No,No,No,1071,53.3,20,23.80%,0.90%,0.60%,2.10%,20.20%,0.10%,4.40%,71.70%,69.4
104,Meeker High School,https://www.schooldigger.com/go/CO/schools/0561000967/school.aspx,Meeker School District Re1,https://www.schooldigger.com/go/CO/district/05610/search.aspx,550 School Street,Meeker,https://www.schooldigger.com/go/CO/city/Meeker/search.aspx,81641,Rio Blanco County,(970) 878-9070,9,12,No,No,No,No,224,14.7,15.1,37.90%,0.00%,0.00%,0.00%,17.40%,0.00%,0.40%,82.10%,69.2
105,Polaris Expeditionary Learning School,https://www.schooldigger.com/go/CO/schools/0399006334/school.aspx,Poudre School District R-1,https://www.schooldigger.com/go/CO/district/03990/search.aspx,1905 Orchard Place,Fort Collins,https://www.schooldigger.com/go/CO/city/Fort+Collins/search.aspx,80521,Larimer County,(970) 488-8260,KG,12,No,No,No,No,406,26.5,15.2,26.80%,0.20%,0.70%,0.00%,6.20%,0.20%,6.20%,86.20%,68.8
106,Arvada West High School,https://www.schooldigger.com/go/CO/schools/0480000695/school.aspx,Jefferson County School District No. R-1,https://www.schooldigger.com/go/CO/district/04800/search.aspx,11595 Allendale Drive,Arvada,https://www.schooldigger.com/go/CO/city/Arvada/search.aspx,80004,Jefferson County,(303) 982-1303,9,12,No,No,No,No,1923,88.9,21.6,28.40%,1.10%,0.50%,1.80%,21.10%,0.10%,4.80%,70.60%,68.2
107,DSST: Conservatory Green High School,https://www.schooldigger.com/go/CO/schools/0336006730/school.aspx,School District No. 1,https://www.schooldigger.com/go/CO/district/03360/search.aspx,5590 N Central Park Blvd #4,Denver,https://www.schooldigger.com/go/CO/city/Denver/search.aspx,80238,Denver County,(303) 802-4127,9,12,Yes,Yes,No,No,556,41,13.5,69.80%,17.30%,0.20%,3.40%,65.60%,0.00%,5.40%,8.10%,67.6
108,Columbine High School,https://www.schooldigger.com/go/CO/schools/0480000707/school.aspx,Jefferson County School District No. R-1,https://www.schooldigger.com/go/CO/district/04800/search.aspx,6201 South Pierce Street,Littleton,https://www.schooldigger.com/go/CO/city/Littleton/search.aspx,80123,Jefferson County,(303) 982-4400,9,12,No,No,No,No,1710,82.4,20.7,29.70%,1.60%,0.30%,2.90%,26.00%,0.10%,4.90%,64.20%,67.6
109,Eaglecrest High School,https://www.schooldigger.com/go/CO/schools/0291006156/school.aspx,Cherry Creek School District No. 5,https://www.schooldigger.com/go/CO/district/02910/search.aspx,5100 South Picadilly Street,Centennial,https://www.schooldigger.com/go/CO/city/Centennial/search.aspx,80015,Arapahoe County,(720) 886-1000,9,12,No,No,No,No,2851,139.2,20.4,35.10%,15.90%,0.60%,7.40%,23.70%,0.50%,8.90%,42.60%,67.1
110,Manitou Springs High School,https://www.schooldigger.com/go/CO/schools/0549000946/school.aspx,Manitou Springs School District No. 14,https://www.schooldigger.com/go/CO/district/05490/search.aspx,401 El Monte Place,Manitou Springs,https://www.schooldigger.com/go/CO/city/Manitou+Springs/search.aspx,80829,El Paso County,(719) 685-2074,9,12,No,No,No,No,367,28.1,13,34.60%,2.70%,0.30%,0.50%,10.60%,0.00%,6.80%,78.70%,67.1
111,Fruita Monument High School,https://www.schooldigger.com/go/CO/schools/0435000609/school.aspx,Mesa County Valley School District No. 51,https://www.schooldigger.com/go/CO/district/04350/search.aspx,1102 Wildcat Ave,Fruita,https://www.schooldigger.com/go/CO/city/Fruita/search.aspx,81521,Mesa County,(970) 254-6600,9,12,No,No,No,No,1427,73.8,19.3,30.10%,0.20%,0.40%,1.30%,12.80%,0.10%,3.90%,81.40%,67.1
112,Compass Montessori - Golden Charter School,https://www.schooldigger.com/go/CO/schools/0480001766/school.aspx,Jefferson County School District No. R-1,https://www.schooldigger.com/go/CO/district/04800/search.aspx,4441 Salvia Street,Golden,https://www.schooldigger.com/go/CO/city/Golden/search.aspx,80403,Jefferson County,(303) 271-1977,PK,12,No,Yes,No,No,425,28.1,15,,0.00%,0.20%,1.60%,9.40%,0.20%,7.30%,81.20%,66.5
113,Rocky Mountain School of Expeditionary Learning,https://www.schooldigger.com/go/CO/schools/0000400709/school.aspx,Denver 1,https://www.schooldigger.com/go/CO/district/00004/search.aspx,1700 South Holly Street,Denver,https://www.schooldigger.com/go/CO/city/Denver/search.aspx,80222,Denver County,(303) 759-2076,KG,12,No,No,No,No,382,23.6,16.1,2.40%,1.30%,0.00%,0.30%,13.40%,0.00%,6.80%,77.70%,65.4
114,Mead High School,https://www.schooldigger.com/go/CO/schools/0537006423/school.aspx,St. Vrain Valley School District No. Re1J,https://www.schooldigger.com/go/CO/district/05370/search.aspx,12750 County Road #7,Longmont,https://www.schooldigger.com/go/CO/city/Longmont/search.aspx,80504,Weld County,(720) 494-3940,9,12,No,No,No,No,1174,55.6,21.1,26.10%,0.80%,0.40%,1.90%,25.80%,0.20%,2.60%,68.30%,64.7
115,Swink Junior-Senior High School,https://www.schooldigger.com/go/CO/schools/0684001169/school.aspx,Swink School District No. 33,https://www.schooldigger.com/go/CO/district/06840/search.aspx,610 Columbia Street,Swink,https://www.schooldigger.com/go/CO/city/Swink/search.aspx,81077,Otero County,(719) 384-8103,6,12,No,No,No,No,159,10.3,15.4,44.00%,0.60%,0.60%,1.90%,19.50%,0.00%,0.00%,77.40%,64.4
116,Douglas County High School,https://www.schooldigger.com/go/CO/schools/0345000440/school.aspx,Douglas County School District No. Re 1,https://www.schooldigger.com/go/CO/district/03450/search.aspx,2842 Front Street,Castle Rock,https://www.schooldigger.com/go/CO/city/Castle+Rock/search.aspx,80104,Douglas County,(303) 387-1000,9,12,No,No,No,No,1659,85.8,19.3,23.70%,1.70%,0.20%,3.40%,21.50%,0.20%,4.90%,67.90%,63.9
117,Caliche Junior-Senior High School,https://www.schooldigger.com/go/CO/schools/0669001147/school.aspx,School District No. Re-1 Valley,https://www.schooldigger.com/go/CO/district/06690/search.aspx,26308 Buffalo Road,Iliff,https://www.schooldigger.com/go/CO/city/Iliff/search.aspx,80736,Logan County,(970) 522-8200,7,12,No,No,No,No,104,11.3,9.1,42.30%,0.00%,0.00%,0.00%,17.30%,0.00%,3.80%,78.80%,63.5
118,Power Technical,https://www.schooldigger.com/go/CO/schools/0387006693/school.aspx,El Paso County Colorado School District 49,https://www.schooldigger.com/go/CO/district/03870/search.aspx,2460 Waynoka Place,Colorado Springs,https://www.schooldigger.com/go/CO/city/Colorado+Springs/search.aspx,80915,El Paso County,(719) 302-9025,6,12,No,Yes,No,No,405,34.2,11.8,46.40%,1.70%,0.50%,0.50%,26.90%,1.20%,4.70%,64.40%,62.8
119,Ponderosa High School,https://www.schooldigger.com/go/CO/schools/0345001341/school.aspx,Douglas County School District No. Re 1,https://www.schooldigger.com/go/CO/district/03450/search.aspx,7007 East Bayou Gulch Road,Parker,https://www.schooldigger.com/go/CO/city/Parker/search.aspx,80134,Douglas County,(303) 387-4000,9,12,No,No,No,No,1406,69.1,20.3,15.80%,2.30%,0.40%,1.40%,14.50%,0.00%,4.30%,77.00%,62.5
120,Colorado Early Colleges Colorado Springs,https://www.schooldigger.com/go/CO/schools/0002006310/school.aspx,State Charter School Institute,https://www.schooldigger.com/go/CO/district/00020/search.aspx,4405 North Chestnut St Suite D,Colorado Springs,https://www.schooldigger.com/go/CO/city/Colorado+Springs/search.aspx,80907,El Paso County,(719) 955-4675,6,12,No,Yes,No,No,677,48.2,14,39.00%,4.60%,1.20%,2.10%,22.30%,0.10%,10.00%,59.70%,62.4
121,Jeffco Virtual Academy,https://www.schooldigger.com/go/CO/schools/0480006439/school.aspx,Jefferson County School District No. R-1,https://www.schooldigger.com/go/CO/district/04800/search.aspx,1829 Denver West Drive Bldg #,Golden,https://www.schooldigger.com/go/CO/city/Golden/search.aspx,80401,Jefferson County,(303) 982-6770,6,12,No,No,No,Yes,441,26.2,16.8,,0.70%,0.90%,0.90%,32.40%,0.20%,5.00%,59.90%,62
122,Venture Academy of Leadership and Entrepreneurship,https://www.schooldigger.com/go/CO/schools/0345006873/school.aspx,Douglas County School District No. Re 1,https://www.schooldigger.com/go/CO/district/03450/search.aspx,15653 Brookstone Dr,Parker,https://www.schooldigger.com/go/CO/city/Parker/search.aspx,80134,Douglas County,(303) 242-6165,9,12,(n/a),No,(n/a),No,88,8.2,10.7,10.20%,3.40%,0.00%,2.30%,6.80%,0.00%,6.80%,80.70%,61.7
123,Gilpin County Undivided High School,https://www.schooldigger.com/go/CO/schools/0423001298/school.aspx,Gilpin County School District No. Re-1,https://www.schooldigger.com/go/CO/district/04230/search.aspx,10595 Highway 119,Black Hawk,https://www.schooldigger.com/go/CO/city/Black+Hawk/search.aspx,80422,Gilpin County,(303) 582-3444,6,12,No,No,No,No,200,16.9,11.7,38.00%,1.00%,0.00%,0.00%,11.00%,0.00%,9.00%,79.00%,61.4
124,Cedaredge High School,https://www.schooldigger.com/go/CO/schools/0333001335/school.aspx,Delta County Joint District No. 50,https://www.schooldigger.com/go/CO/district/03330/search.aspx,575 SE Deer Creek Dr,Cedaredge,https://www.schooldigger.com/go/CO/city/Cedaredge/search.aspx,81413,Delta County,(970) 856-6882,9,12,No,No,No,No,280,17.6,15.8,48.90%,0.00%,0.40%,0.00%,14.30%,0.00%,3.90%,81.40%,61
125,Platte Canyon High School,https://www.schooldigger.com/go/CO/schools/0237000087/school.aspx,Platte Canyon School District No. 1,https://www.schooldigger.com/go/CO/district/02370/search.aspx,57243 Us Highway 285,Bailey,https://www.schooldigger.com/go/CO/city/Bailey/search.aspx,80421,Park County,(303) 838-7666,9,12,No,No,No,No,183,15,12.1,30.10%,1.10%,0.00%,0.00%,12.60%,0.00%,5.50%,80.90%,61
126,Limon Junior-Senior High School,https://www.schooldigger.com/go/CO/schools/0528000871/school.aspx,Limon School District No. Re 4J,https://www.schooldigger.com/go/CO/district/05280/search.aspx,874 F Avenue,Limon,https://www.schooldigger.com/go/CO/city/Limon/search.aspx,80828,Lincoln County,(719) 775-2350,6,12,No,No,No,No,233,15.7,14.8,43.80%,1.30%,0.00%,0.40%,20.20%,0.40%,3.00%,74.70%,59.5
127,Otis Junior-Senior High School,https://www.schooldigger.com/go/CO/schools/0594001017/school.aspx,Otis School District No. R-3,https://www.schooldigger.com/go/CO/district/05940/search.aspx,518 Dungan,Otis,https://www.schooldigger.com/go/CO/city/Otis/search.aspx,80743,Washington County,(970) 246-3486,6,12,No,No,No,No,102,7.8,12.9,55.90%,2.00%,1.00%,0.00%,10.80%,0.00%,0.00%,86.30%,59.2
128,North Fork High School,https://www.schooldigger.com/go/CO/schools/0333000300/school.aspx,Delta County Joint District No. 50,https://www.schooldigger.com/go/CO/district/03330/search.aspx,438 Bulldog St,Hotchkiss,https://www.schooldigger.com/go/CO/city/Hotchkiss/search.aspx,81419,Delta County,(970) 872-3882,9,12,No,No,No,No,265,18.8,14,45.30%,0.00%,0.80%,0.00%,20.00%,0.00%,4.50%,74.70%,58.8
129,CIVA Charter Academy,https://www.schooldigger.com/go/CO/schools/0306001589/school.aspx,Colorado Springs School District No. 11,https://www.schooldigger.com/go/CO/district/03060/search.aspx,4635 Northpark Drive,Colorado Springs,https://www.schooldigger.com/go/CO/city/Colorado+Springs/search.aspx,80918,El Paso County,(719) 633-1306,9,12,No,Yes,No,No,174,15.8,10.9,39.10%,2.30%,0.00%,0.60%,23.60%,0.00%,7.50%,66.10%,58.8
130,Elizabeth High School,https://www.schooldigger.com/go/CO/schools/0372000483/school.aspx,Elizabeth School District,https://www.schooldigger.com/go/CO/district/03720/search.aspx,34500 County Road 13,Elizabeth,https://www.schooldigger.com/go/CO/city/Elizabeth/search.aspx,80107,Elbert County,(303) 646-4616,9,12,No,No,No,No,668,41.9,15.9,22.60%,0.30%,0.10%,0.40%,16.20%,0.00%,2.80%,80.10%,58.5
131,Jefferson County Open Secondary,https://www.schooldigger.com/go/CO/schools/0480000765/school.aspx,Jefferson County School District No. R-1,https://www.schooldigger.com/go/CO/district/04800/search.aspx,7655 West 10th Avenue,Lakewood,https://www.schooldigger.com/go/CO/city/Lakewood/search.aspx,80214,Jefferson County,(303) 982-7045,7,12,No,No,No,No,315,21,15,,0.00%,0.30%,0.60%,17.10%,0.30%,8.30%,73.30%,58.4
132,Academy of Charter Schools,https://www.schooldigger.com/go/CO/schools/0002000727/school.aspx,State Charter School Institute,https://www.schooldigger.com/go/CO/district/00020/search.aspx,11800 Lowell Blvd,Westminster,https://www.schooldigger.com/go/CO/city/Westminster/search.aspx,80031,Adams County,(303) 289-8088,PK,12,No,Yes,No,No,1887,100.2,18.8,33.90%,1.00%,0.30%,6.40%,31.70%,0.10%,5.70%,54.90%,57.1
133,PSD Global Academy,https://www.schooldigger.com/go/CO/schools/0399006431/school.aspx,Poudre School District R-1,https://www.schooldigger.com/go/CO/district/03990/search.aspx,703 East Prospect Road,Fort Collins,https://www.schooldigger.com/go/CO/city/Fort+Collins/search.aspx,80525,Larimer County,(970) 490-3086,KG,12,No,No,No,Yes,259,22.9,11.3,49.00%,1.90%,0.00%,2.30%,20.80%,0.00%,3.50%,71.00%,56.7
134,Calhan Secondary School,https://www.schooldigger.com/go/CO/schools/0273000168/school.aspx,Calhan District No. RJ1,https://www.schooldigger.com/go/CO/district/02730/search.aspx,800 Bulldog Drive,Calhan,https://www.schooldigger.com/go/CO/city/Calhan/search.aspx,80808,El Paso County,(719) 347-2766,6,12,No,No,No,No,213,22.5,9.4,49.80%,4.70%,0.50%,0.90%,8.50%,0.00%,0.90%,84.50%,56.4
135,Dove Creek High School,https://www.schooldigger.com/go/CO/schools/0342000429/school.aspx,Dolores County School District Re-2j,https://www.schooldigger.com/go/CO/district/03420/search.aspx,525 North Main Street,Dove Creek,https://www.schooldigger.com/go/CO/city/Dove+Creek/search.aspx,81324,Dolores County,(970) 677-2237,6,12,No,No,No,No,138,11.5,11.9,60.10%,0.00%,0.00%,0.00%,7.20%,0.00%,2.20%,90.60%,55.7
136,Standley Lake High School,https://www.schooldigger.com/go/CO/schools/0480001487/school.aspx,Jefferson County School District No. R-1,https://www.schooldigger.com/go/CO/district/04800/search.aspx,9300 West 104th Avenue,Westminster,https://www.schooldigger.com/go/CO/city/Westminster/search.aspx,80021,Jefferson County,(303) 982-3311,9,12,No,No,No,No,1123,57.6,19.4,32.70%,1.10%,0.40%,5.30%,27.30%,0.20%,6.40%,59.20%,55.5
137,Primero Junior-Senior High School,https://www.schooldigger.com/go/CO/schools/0726001255/school.aspx,Primero Reorganized School District No. 2,https://www.schooldigger.com/go/CO/district/07260/search.aspx,20200 State Highway 12,Weston,https://www.schooldigger.com/go/CO/city/Weston/search.aspx,81091,Las Animas County,(719) 868-2715,6,12,No,No,No,No,102,8.7,11.6,26.50%,0.00%,1.00%,1.00%,63.70%,0.00%,3.90%,30.40%,54.7
138,DSST: Montview High School,https://www.schooldigger.com/go/CO/schools/0336001833/school.aspx,School District No. 1,https://www.schooldigger.com/go/CO/district/03360/search.aspx,2000 Valentia Street,Denver,https://www.schooldigger.com/go/CO/city/Denver/search.aspx,80238,Denver County,(303) 320-5570,9,12,Yes,Yes,No,No,562,45.6,12.3,69.90%,38.30%,0.40%,3.40%,40.00%,0.20%,4.80%,12.80%,54.3
139,DSST: Green Valley Ranch High School,https://www.schooldigger.com/go/CO/schools/0336006450/school.aspx,School District No. 1,https://www.schooldigger.com/go/CO/district/03360/search.aspx,4800 Telluride Street #2,Denver,https://www.schooldigger.com/go/CO/city/Denver/search.aspx,80249,Denver County,(303) 524-6300,9,12,Yes,Yes,No,No,562,48,11.7,73.80%,25.40%,0.00%,10.50%,55.90%,1.80%,3.20%,3.20%,54
140,Rye High School,https://www.schooldigger.com/go/CO/schools/0615001082/school.aspx,Pueblo County School District 70,https://www.schooldigger.com/go/CO/district/06150/search.aspx,1 High School Drive,Rye,https://www.schooldigger.com/go/CO/city/Rye/search.aspx,81069,Pueblo County,(719) 489-2271,9,12,No,No,No,No,250,15.8,15.7,41.20%,1.60%,0.40%,1.60%,15.20%,0.00%,4.40%,76.80%,54
141,Loveland High School,https://www.schooldigger.com/go/CO/schools/0540000935/school.aspx,Thompson School District R-2j,https://www.schooldigger.com/go/CO/district/05400/search.aspx,920 West 29th Avenue,Loveland,https://www.schooldigger.com/go/CO/city/Loveland/search.aspx,80538,Larimer County,(970) 613-5200,9,12,No,No,No,No,1354,71.6,18.8,27.30%,1.30%,0.70%,0.70%,25.80%,0.10%,3.80%,67.70%,53.4
142,Windsor High School,https://www.schooldigger.com/go/CO/schools/0735001264/school.aspx,Weld County Reorganized School District No. Re-4,https://www.schooldigger.com/go/CO/district/07350/search.aspx,1100 West Main Street,Windsor,https://www.schooldigger.com/go/CO/city/Windsor/search.aspx,80550,Weld County,(970) 686-8100,9,12,No,No,No,No,1094,57,19.1,19.20%,1.30%,0.40%,0.50%,17.60%,0.10%,3.40%,76.80%,51.7
143,Sangre de Cristo Undivided High School,https://www.schooldigger.com/go/CO/schools/0642001116/school.aspx,Sangre de Cristo School District No. Re-22J,https://www.schooldigger.com/go/CO/district/06420/search.aspx,8751 Lane 7 N,Mosca,https://www.schooldigger.com/go/CO/city/Mosca/search.aspx,81146,Alamosa County,(719) 378-2321,6,12,Yes,No,No,No,146,15.6,9.3,63.70%,0.00%,2.70%,0.00%,21.20%,0.70%,1.40%,74.00%,51.4
144,Wheat Ridge High School,https://www.schooldigger.com/go/CO/schools/0480000803/school.aspx,Jefferson County School District No. R-1,https://www.schooldigger.com/go/CO/district/04800/search.aspx,9505 West 32nd Avenue,Wheat Ridge,https://www.schooldigger.com/go/CO/city/Wheat+Ridge/search.aspx,80033,Jefferson County,(303) 982-7695,9,12,No,No,No,No,932,51.6,18,42.20%,2.90%,0.60%,0.90%,37.20%,0.10%,4.30%,54.00%,51.4
145,Longmont High School,https://www.schooldigger.com/go/CO/schools/0537000909/school.aspx,St. Vrain Valley School District No. Re1J,https://www.schooldigger.com/go/CO/district/05370/search.aspx,1040 Sunset Street,Longmont,https://www.schooldigger.com/go/CO/city/Longmont/search.aspx,80501,Boulder County,(303) 776-6014,9,12,No,No,No,No,1268,62.7,20.2,47.90%,0.60%,0.30%,1.50%,41.20%,0.20%,3.50%,52.60%,51.3
146,Sanford Junior/Senior High School,https://www.schooldigger.com/go/CO/schools/0639001114/school.aspx,Sanford School District No. 6,https://www.schooldigger.com/go/CO/district/06390/search.aspx,755 Second Street,Sanford,https://www.schooldigger.com/go/CO/city/Sanford/search.aspx,81151,Conejos County,(719) 274-5167,7,12,No,No,No,No,166,11.6,14.2,57.20%,0.00%,0.00%,0.00%,29.50%,0.00%,0.60%,69.90%,51.2
147,Buena Vista High School,https://www.schooldigger.com/go/CO/schools/0264000157/school.aspx,Buena Vista School District No. R-31,https://www.schooldigger.com/go/CO/district/02640/search.aspx,559 Railroad,Buena Vista,https://www.schooldigger.com/go/CO/city/Buena+Vista/search.aspx,81211,Chaffee County,(719) 395-7100,9,12,No,No,No,No,256,22.6,11.3,35.20%,0.80%,1.20%,1.60%,15.60%,0.00%,2.00%,78.90%,51.1
148,Grand Junction High School,https://www.schooldigger.com/go/CO/schools/0435000612/school.aspx,Mesa County Valley School District No. 51,https://www.schooldigger.com/go/CO/district/04350/search.aspx,1400 N 5th St,Grand Junction,https://www.schooldigger.com/go/CO/city/Grand+Junction/search.aspx,81501,Mesa County,(970) 254-6900,9,12,No,No,No,No,1832,91.4,20,43.10%,1.00%,0.60%,1.30%,23.30%,0.00%,4.50%,69.20%,50.9
149,Bear Creek High School,https://www.schooldigger.com/go/CO/schools/0480000697/school.aspx,Jefferson County School District No. R-1,https://www.schooldigger.com/go/CO/district/04800/search.aspx,9800 West Dartmouth Place,Lakewood,https://www.schooldigger.com/go/CO/city/Lakewood/search.aspx,80227,Jefferson County,(303) 982-8855,9,12,No,No,No,No,1344,70.2,19.1,48.70%,1.90%,0.40%,6.60%,47.50%,0.40%,3.30%,39.70%,50.8
150,Middle Park High School,https://www.schooldigger.com/go/CO/schools/0432000596/school.aspx,East Grand School District No. 2,https://www.schooldigger.com/go/CO/district/04320/search.aspx,765 North 2nd Street,Granby,https://www.schooldigger.com/go/CO/city/Granby/search.aspx,80446,Grand County,(970) 887-2104,9,12,No,No,No,No,413,27.7,14.8,27.40%,0.70%,0.50%,1.00%,20.80%,0.50%,0.50%,76.00%,50.6
151,Sargent Senior High School,https://www.schooldigger.com/go/CO/schools/0645001118/school.aspx,Sargent School District No. Re-33J,https://www.schooldigger.com/go/CO/district/06450/search.aspx,7090 North County Road 2 East,Monte Vista,https://www.schooldigger.com/go/CO/city/Monte+Vista/search.aspx,81144,Rio Grande County,(719) 852-4025,9,12,No,No,No,No,81,8.6,9.3,43.20%,1.20%,2.50%,0.00%,28.40%,0.00%,2.50%,65.40%,50.3
152,Montrose High School,https://www.schooldigger.com/go/CO/schools/0579000992/school.aspx,Montrose County School District Re-1J,https://www.schooldigger.com/go/CO/district/05790/search.aspx,600 South Selig Avenue,Montrose,https://www.schooldigger.com/go/CO/city/Montrose/search.aspx,81401,Montrose County,(970) 249-6636,9,12,No,No,No,No,1279,66.1,19.3,45.30%,0.50%,0.60%,0.40%,36.60%,0.20%,3.00%,58.70%,50.1
153,Banning Lewis Ranch Academy,https://www.schooldigger.com/go/CO/schools/0387002027/school.aspx,El Paso County Colorado School District 49,https://www.schooldigger.com/go/CO/district/03870/search.aspx,7094 Cottonwood Tree Drive,Colorado Springs,https://www.schooldigger.com/go/CO/city/Colorado+Springs/search.aspx,80927,El Paso County,(719) 570-0075,KG,12,No,Yes,No,No,1697,115.5,14.6,15.50%,5.00%,0.40%,3.60%,23.90%,0.40%,10.80%,55.90%,49.8
154,Fowler High School,https://www.schooldigger.com/go/CO/schools/0411000568/school.aspx,Fowler School District No. R4J,https://www.schooldigger.com/go/CO/district/04110/search.aspx,600 West Grant,Fowler,https://www.schooldigger.com/go/CO/city/Fowler/search.aspx,81039,Otero County,(719) 263-4279,9,12,No,No,No,No,101,11.8,8.5,46.50%,0.00%,1.00%,0.00%,33.70%,0.00%,2.00%,63.40%,49.4
155,Platte Valley High School,https://www.schooldigger.com/go/CO/schools/0495000821/school.aspx,Weld County School District No. Re-7,https://www.schooldigger.com/go/CO/district/04950/search.aspx,901 Campbell,Kersey,https://www.schooldigger.com/go/CO/city/Kersey/search.aspx,80644,Weld County,(970) 336-8700,9,12,No,No,No,No,331,25.7,12.8,49.80%,0.30%,0.30%,0.90%,43.20%,0.00%,1.80%,53.50%,49.2
156,Merino Junior Senior High School,https://www.schooldigger.com/go/CO/schools/0564000970/school.aspx,School District No. Re-4 Buffalo,https://www.schooldigger.com/go/CO/district/05640/search.aspx,315 Lee,Merino,https://www.schooldigger.com/go/CO/city/Merino/search.aspx,80741,Logan County,(970) 522-7424,7,12,No,No,No,No,155,9.2,16.7,32.30%,0.60%,0.00%,0.60%,11.00%,0.00%,1.30%,86.50%,48.7
157,Two Roads Charter School,https://www.schooldigger.com/go/CO/schools/0480006466/school.aspx,Jefferson County School District No. R-1,https://www.schooldigger.com/go/CO/district/04800/search.aspx,6980 Pierce Street,Arvada,https://www.schooldigger.com/go/CO/city/Arvada/search.aspx,80003,Jefferson County,(303) 423-3377,PK,12,No,Yes,No,No,345,37.5,9.1,,1.20%,0.00%,1.40%,31.00%,0.00%,4.90%,61.40%,48.3
158,Palisade High School,https://www.schooldigger.com/go/CO/schools/0435000620/school.aspx,Mesa County Valley School District No. 51,https://www.schooldigger.com/go/CO/district/04350/search.aspx,3679 G Road,Palisade,https://www.schooldigger.com/go/CO/city/Palisade/search.aspx,81526,Mesa County,(970) 254-4800,9,12,No,No,No,No,1073,58.6,18.3,50.90%,0.80%,0.60%,0.70%,28.10%,0.40%,3.40%,66.10%,48.3
159,Springs Studio for Academic Excellence,https://www.schooldigger.com/go/CO/schools/0387006462/school.aspx,El Paso County Colorado School District 49,https://www.schooldigger.com/go/CO/district/03870/search.aspx,6113 Constitution Ave,Colorado Springs,https://www.schooldigger.com/go/CO/city/Colorado+Springs/search.aspx,80915,El Paso County,(719) 494-8940,6,12,No,No,No,Yes,442,20,22,,3.20%,0.20%,1.10%,18.10%,0.00%,9.50%,67.90%,48.1
160,Wray Junior Senior High School,https://www.schooldigger.com/go/CO/schools/0001701818/school.aspx,Wray Rd-2 School District,https://www.schooldigger.com/go/CO/district/00017/search.aspx,30160 County Road 35,Wray,https://www.schooldigger.com/go/CO/city/Wray/search.aspx,80758,Yuma County,(970) 332-5764,7,12,Yes,No,No,No,322,21.4,15,56.20%,0.00%,0.60%,0.00%,39.10%,0.00%,0.30%,59.90%,47.7
161,Thomas Jefferson High School,https://www.schooldigger.com/go/CO/schools/0336000417/school.aspx,School District No. 1,https://www.schooldigger.com/go/CO/district/03360/search.aspx,3950 South Holly Street,Denver,https://www.schooldigger.com/go/CO/city/Denver/search.aspx,80237,Denver County,(720) 423-7000,9,12,No,No,No,No,1390,70.9,19.6,50.90%,16.60%,0.50%,3.70%,40.90%,0.30%,5.00%,31.80%,47.6
162,Roaring Fork High School,https://www.schooldigger.com/go/CO/schools/0426000590/school.aspx,Roaring Fork School District No. Re-1,https://www.schooldigger.com/go/CO/district/04260/search.aspx,2270 Highway 133,Carbondale,https://www.schooldigger.com/go/CO/city/Carbondale/search.aspx,81623,Garfield County,(970) 384-5757,9,12,No,No,No,No,472,27.3,17.2,43.00%,0.80%,0.60%,0.00%,47.90%,0.00%,3.40%,47.20%,47.6
163,Vista Ridge High School,https://www.schooldigger.com/go/CO/schools/0387006408/school.aspx,El Paso County Colorado School District 49,https://www.schooldigger.com/go/CO/district/03870/search.aspx,6888 Black Forest Road,Colorado Springs,https://www.schooldigger.com/go/CO/city/Colorado+Springs/search.aspx,80923,El Paso County,(719) 494-8800,9,12,No,No,No,No,1473,74.1,19.8,37.90%,7.80%,0.20%,4.30%,28.90%,0.70%,11.50%,46.60%,47.3
164,Colorado Connections @ 27J,https://www.schooldigger.com/go/CO/schools/0258006488/school.aspx,School District 27J,https://www.schooldigger.com/go/CO/district/02580/search.aspx,8 Inverness Drive E Suite 240,Englewood,https://www.schooldigger.com/go/CO/city/Englewood/search.aspx,80112,Arapahoe County,(303) 794-2302,KG,12,(n/a),No,(n/a),Yes,2042,91.6,22.2,,6.10%,1.00%,1.70%,31.60%,0.80%,6.40%,52.30%,46.7
165,Simla High School,https://www.schooldigger.com/go/CO/schools/0660001139/school.aspx,Big Sandy School District No. 100J,https://www.schooldigger.com/go/CO/district/06600/search.aspx,18091 County Road 125,Simla,https://www.schooldigger.com/go/CO/city/Simla/search.aspx,80835,Elbert County,(719) 541-2291,9,12,No,No,No,No,101,9.6,10.5,49.50%,0.00%,0.00%,0.00%,11.90%,0.00%,1.00%,87.10%,46.6
166,Dolores High School,https://www.schooldigger.com/go/CO/schools/0339000432/school.aspx,Dolores School District No. Re-4A,https://www.schooldigger.com/go/CO/district/03390/search.aspx,1301 Central Avenue,Dolores,https://www.schooldigger.com/go/CO/city/Dolores/search.aspx,81323,Montezuma County,(970) 882-7288,9,12,No,No,No,No,186,16.1,11.5,48.40%,0.00%,4.30%,0.00%,15.60%,0.00%,1.60%,78.50%,46.5
167,Flagler Public School,https://www.schooldigger.com/go/CO/schools/0226000509/school.aspx,Arriba-Flagler Consolidated School District No. 20,https://www.schooldigger.com/go/CO/district/02260/search.aspx,421 Julian,Flagler,https://www.schooldigger.com/go/CO/city/Flagler/search.aspx,80815,Kit Carson County,(719) 765-4684,PK,12,Yes,No,No,No,186,16.6,11.1,41.40%,0.00%,0.00%,0.50%,5.90%,0.50%,3.20%,89.80%,46.5
168,Frederick Senior High School,https://www.schooldigger.com/go/CO/schools/0537000902/school.aspx,St. Vrain Valley School District No. Re1J,https://www.schooldigger.com/go/CO/district/05370/search.aspx,5960 Tipple Parkway,Frederick,https://www.schooldigger.com/go/CO/city/Frederick/search.aspx,80514,Weld County,(303) 833-3533,9,12,No,No,No,No,1491,66.5,22.4,40.60%,1.10%,0.50%,1.90%,38.70%,0.10%,3.50%,54.20%,46.3
169,Idalia Junior-Senior High School,https://www.schooldigger.com/go/CO/schools/0001801742/school.aspx,Idalia Rj-3 School District,https://www.schooldigger.com/go/CO/district/00018/search.aspx,26845 County Road 9.2,Idalia,https://www.schooldigger.com/go/CO/city/Idalia/search.aspx,80735,Yuma County,(970) 354-7298,7,12,No,No,No,No,79,7.2,10.9,59.50%,0.00%,0.00%,0.00%,21.50%,0.00%,0.00%,78.50%,46.2
170,Coal Ridge High School,https://www.schooldigger.com/go/CO/schools/0624001906/school.aspx,Garfield School District No. Re-2,https://www.schooldigger.com/go/CO/district/06240/search.aspx,35947 Highway 6,New Castle,https://www.schooldigger.com/go/CO/city/New+Castle/search.aspx,81647,Garfield County,(970) 625-6700,9,12,No,No,No,No,578,29.2,19.7,40.10%,0.20%,0.30%,0.20%,49.70%,0.00%,2.10%,47.60%,46.1
171,Severance High School,https://www.schooldigger.com/go/CO/schools/0735006783/school.aspx,Weld County Reorganized School District No. Re-4,https://www.schooldigger.com/go/CO/district/07350/search.aspx,1200 Hidden Valley Parkway,Severance,https://www.schooldigger.com/go/CO/city/Severance/search.aspx,80550,Weld County,(970) 833-7100,9,12,No,No,No,No,943,52.8,17.8,28.30%,1.60%,0.70%,1.40%,27.50%,0.00%,2.40%,66.40%,45.8
172,Colorado Preparatory Academy High School,https://www.schooldigger.com/go/CO/schools/0028206600/school.aspx,Education Reenvisioned BOCES,https://www.schooldigger.com/go/CO/district/00282/search.aspx,8601 Turnpike Dr. Suite 100,Westminster,https://www.schooldigger.com/go/CO/city/Westminster/search.aspx,80031,Adams County,(720) 381-2047,9,12,No,No,No,Yes,823,29.9,27.4,,6.70%,1.00%,1.20%,32.60%,0.10%,7.80%,50.70%,45.4
173,Roosevelt High School,https://www.schooldigger.com/go/CO/schools/0483000810/school.aspx,Weld County School District No. Re-5J,https://www.schooldigger.com/go/CO/district/04830/search.aspx,3349 Roosevelt Parkway,Johnstown,https://www.schooldigger.com/go/CO/city/Johnstown/search.aspx,80534,Weld County,(970) 587-4633,9,12,No,No,No,No,1184,59.4,19.9,31.50%,0.60%,0.30%,1.00%,33.30%,0.30%,2.90%,61.70%,44.9
174,Smoky Hill High School,https://www.schooldigger.com/go/CO/schools/0291000203/school.aspx,Cherry Creek School District No. 5,https://www.schooldigger.com/go/CO/district/02910/search.aspx,16100 East Smoky Hill Road,Aurora,https://www.schooldigger.com/go/CO/city/Aurora/search.aspx,80015,Arapahoe County,(720) 886-5300,9,12,No,No,No,No,2297,115,19.9,48.60%,16.30%,0.30%,5.50%,33.30%,0.50%,9.50%,34.20%,44.6
175,Eaton High School,https://www.schooldigger.com/go/CO/schools/0360000476/school.aspx,Weld County School District No. Re-2,https://www.schooldigger.com/go/CO/district/03600/search.aspx,1661 Collins Street,Eaton,https://www.schooldigger.com/go/CO/city/Eaton/search.aspx,80615,Weld County,(970) 454-3374,9,12,No,No,No,No,567,31.2,18.1,31.40%,0.40%,0.00%,0.20%,22.80%,0.00%,2.50%,74.30%,44.3
176,Victory Preparatory Academy High State Charter School,https://www.schooldigger.com/go/CO/schools/0002006585/school.aspx,State Charter School Institute,https://www.schooldigger.com/go/CO/district/00020/search.aspx,5701 Quebec Street,Commerce City,https://www.schooldigger.com/go/CO/city/Commerce+City/search.aspx,80022,Adams County,(303) 288-6111,9,12,Yes,Yes,No,No,118,8.9,13.1,83.10%,0.00%,0.00%,0.00%,93.20%,0.00%,0.80%,5.90%,43.9
177,Central High School,https://www.schooldigger.com/go/CO/schools/0435000600/school.aspx,Mesa County Valley School District No. 51,https://www.schooldigger.com/go/CO/district/04350/search.aspx,3130 E1/2 Road,Grand Junction,https://www.schooldigger.com/go/CO/city/Grand+Junction/search.aspx,81504,Mesa County,(970) 254-6200,9,12,No,No,No,No,1352,79.5,16.9,58.30%,0.40%,0.40%,0.80%,37.00%,0.40%,3.80%,57.10%,43.8
178,Kiowa High School,https://www.schooldigger.com/go/CO/schools/0501000825/school.aspx,School District No. C-2,https://www.schooldigger.com/go/CO/district/05010/search.aspx,525 Commanche St,Kiowa,https://www.schooldigger.com/go/CO/city/Kiowa/search.aspx,80117,Elbert County,(303) 621-2115,9,12,No,No,No,No,67,5.5,12.1,43.30%,3.00%,1.50%,0.00%,19.40%,0.00%,1.50%,74.60%,43.4
179,Thompson Valley High School,https://www.schooldigger.com/go/CO/schools/0540000938/school.aspx,Thompson School District R-2j,https://www.schooldigger.com/go/CO/district/05400/search.aspx,1669 Eagle Drive,Loveland,https://www.schooldigger.com/go/CO/city/Loveland/search.aspx,80537,Larimer County,(970) 613-7900,9,12,No,No,No,No,1005,51.9,19.3,31.50%,0.70%,1.10%,1.10%,23.20%,0.00%,3.60%,70.30%,43.4
180,South Park High School,https://www.schooldigger.com/go/CO/schools/0384000503/school.aspx,Park County School District No. Re-2,https://www.schooldigger.com/go/CO/district/03840/search.aspx,640 Hathaway Street,Fairplay,https://www.schooldigger.com/go/CO/city/Fairplay/search.aspx,80440,Park County,(719) 836-4410,9,12,No,No,No,No,121,6.7,17.8,44.60%,0.00%,1.70%,3.30%,16.50%,0.00%,5.80%,72.70%,43.3
181,Mountain View High School,https://www.schooldigger.com/go/CO/schools/0540001786/school.aspx,Thompson School District R-2j,https://www.schooldigger.com/go/CO/district/05400/search.aspx,3500 Mountain Lion Drive,Loveland,https://www.schooldigger.com/go/CO/city/Loveland/search.aspx,80537,Larimer County,(970) 613-7800,9,12,No,No,No,No,1074,57.9,18.5,34.30%,1.50%,0.80%,1.60%,31.40%,0.10%,5.10%,59.50%,43
182,Akron High School,https://www.schooldigger.com/go/CO/schools/0204000025/school.aspx,Akron School District No. R-1,https://www.schooldigger.com/go/CO/district/02040/search.aspx,600 Elm Avenue,Akron,https://www.schooldigger.com/go/CO/city/Akron/search.aspx,80720,Washington County,(970) 345-2268,9,12,No,No,No,No,110,11.1,9.9,44.50%,0.00%,0.90%,3.60%,20.90%,0.00%,1.80%,72.70%,42.9
183,Union Colony Preparatory School,https://www.schooldigger.com/go/CO/schools/0441001615/school.aspx,GreeleySchool District No. 6,https://www.schooldigger.com/go/CO/district/04410/search.aspx,2000 Clubhouse Drive,Greeley,https://www.schooldigger.com/go/CO/city/Greeley/search.aspx,80634,Weld County,(970) 673-4546,6,12,No,Yes,No,No,333,16.4,20.2,61.30%,2.40%,0.60%,2.70%,60.70%,1.80%,1.80%,30.00%,42.8
184,Coronado High School,https://www.schooldigger.com/go/CO/schools/0306000228/school.aspx,Colorado Springs School District No. 11,https://www.schooldigger.com/go/CO/district/03060/search.aspx,1590 West Fillmore Street,Colorado Springs,https://www.schooldigger.com/go/CO/city/Colorado+Springs/search.aspx,80904,El Paso County,(719) 328-3600,9,12,No,No,No,No,1279,54.9,23.2,48.30%,3.60%,0.60%,1.60%,29.50%,0.20%,8.90%,55.50%,42.6
185,Eagle Ridge Academy,https://www.schooldigger.com/go/CO/schools/0258006474/school.aspx,School District 27J,https://www.schooldigger.com/go/CO/district/02580/search.aspx,3551 Southern Street,Brighton,https://www.schooldigger.com/go/CO/city/Brighton/search.aspx,80601,Adams County,(303) 345-4380,9,12,No,Yes,No,No,593,23.5,25.2,40.60%,2.50%,0.30%,1.50%,49.40%,0.00%,2.40%,43.80%,42
186,Delta High School,https://www.schooldigger.com/go/CO/schools/0333000297/school.aspx,Delta County Joint District No. 50,https://www.schooldigger.com/go/CO/district/03330/search.aspx,1400 Pioneer Road,Delta,https://www.schooldigger.com/go/CO/city/Delta/search.aspx,81416,Delta County,(970) 874-8031,9,12,No,No,No,No,626,39.1,16,51.90%,0.30%,0.00%,2.90%,34.30%,0.00%,4.00%,58.50%,41.9
187,Grand River Academy,https://www.schooldigger.com/go/CO/schools/0435006498/school.aspx,Mesa County Valley School District No. 51,https://www.schooldigger.com/go/CO/district/04350/search.aspx,600 N 14th St,Grand Junction,https://www.schooldigger.com/go/CO/city/Grand+Junction/search.aspx,81501,Mesa County,(970) 254-5343,KG,12,No,No,No,Yes,461,30.7,14.9,60.70%,0.00%,0.20%,0.20%,18.90%,0.20%,4.60%,75.90%,41.7
188,Pueblo County High School,https://www.schooldigger.com/go/CO/schools/0615001079/school.aspx,Pueblo County School District 70,https://www.schooldigger.com/go/CO/district/06150/search.aspx,1050  35th Lane,Pueblo,https://www.schooldigger.com/go/CO/city/Pueblo/search.aspx,81006,Pueblo County,(719) 948-3352,9,12,No,No,No,No,1148,58.1,19.7,51.80%,0.30%,0.10%,0.30%,47.30%,0.00%,4.20%,47.80%,41.6
189,Pueblo West High School,https://www.schooldigger.com/go/CO/schools/0615001613/school.aspx,Pueblo County School District 70,https://www.schooldigger.com/go/CO/district/06150/search.aspx,661 Capistrano Drive,Pueblo West,https://www.schooldigger.com/go/CO/city/Pueblo+West/search.aspx,81007,Pueblo County,(719) 547-8050,9,12,No,No,No,No,1540,72.5,21.2,43.40%,0.80%,0.20%,0.80%,38.30%,0.20%,7.10%,52.50%,41.5
190,University Schools,https://www.schooldigger.com/go/CO/schools/0441001696/school.aspx,GreeleySchool District No. 6,https://www.schooldigger.com/go/CO/district/04410/search.aspx,6525 18th Street,Greeley,https://www.schooldigger.com/go/CO/city/Greeley/search.aspx,80634,Weld County,(970) 330-2221,KG,12,No,Yes,No,No,1784,100.2,17.8,40.80%,0.80%,0.20%,0.80%,43.70%,0.10%,2.60%,51.80%,41
191,Clear Creek High School,https://www.schooldigger.com/go/CO/schools/0300000217/school.aspx,Clear Creek School District No. Re-1,https://www.schooldigger.com/go/CO/district/03000/search.aspx,185 Beaver Brook Canyon Road,Evergreen,https://www.schooldigger.com/go/CO/city/Evergreen/search.aspx,80439,Clear Creek County,(303) 679-4600,9,12,Yes,No,No,No,182,13.2,13.6,31.90%,0.00%,2.70%,1.60%,14.80%,0.00%,6.60%,74.20%,41
192,Del Norte High Junior/Senior High School,https://www.schooldigger.com/go/CO/schools/0330000290/school.aspx,Upper Rio Grande School District C-7,https://www.schooldigger.com/go/CO/district/03300/search.aspx,950 French Street,Del Norte,https://www.schooldigger.com/go/CO/city/Del+Norte/search.aspx,81132,Rio Grande County,(719) 657-4050,7,12,No,No,No,No,173,14.6,11.8,51.40%,0.00%,0.60%,0.00%,59.00%,0.00%,2.30%,38.20%,40.8
193,Hoehne Schools,https://www.schooldigger.com/go/CO/schools/0465000680/school.aspx,Hoehne Reorganized School District No. 3,https://www.schooldigger.com/go/CO/district/04650/search.aspx,19851 County Road 75. 1,Trinidad,https://www.schooldigger.com/go/CO/city/Trinidad/search.aspx,81082,Las Animas County,(719) 846-4457,PK,12,Yes,No,No,No,271,16.5,16.4,37.60%,0.00%,0.00%,1.80%,60.10%,0.00%,0.70%,37.30%,40.3
194,Atlas Preparatory High School,https://www.schooldigger.com/go/CO/schools/0453006425/school.aspx,Harrison School District No. 2,https://www.schooldigger.com/go/CO/district/04530/search.aspx,1628 South Murray Blvd,Colorado Springs,https://www.schooldigger.com/go/CO/city/Colorado+Springs/search.aspx,80916,El Paso County,(719) 358-7196,9,12,Yes,Yes,No,No,499,30.6,16.2,82.60%,4.00%,0.20%,0.40%,88.60%,0.00%,2.40%,4.40%,40.3
195,Las Animas High School,https://www.schooldigger.com/go/CO/schools/0525000868/school.aspx,Las Animas School District No. Re-1,https://www.schooldigger.com/go/CO/district/05250/search.aspx,300 Grove Avenue,Las Animas,https://www.schooldigger.com/go/CO/city/Las+Animas/search.aspx,81054,Bent County,(719) 456-0211,9,12,Yes,No,No,No,132,10.1,12.9,81.10%,1.50%,0.00%,0.00%,47.70%,0.00%,2.30%,48.50%,40.2
196,Animas High School,https://www.schooldigger.com/go/CO/schools/0002006418/school.aspx,State Charter School Institute,https://www.schooldigger.com/go/CO/district/00020/search.aspx,22 Osprey Way,Durango,https://www.schooldigger.com/go/CO/city/Durango/search.aspx,81301,La Plata County,(970) 247-2474,9,12,No,Yes,No,No,249,22.7,10.9,26.50%,0.80%,0.40%,0.40%,13.30%,0.00%,4.80%,80.30%,40.1
197,DSST: College View High School,https://www.schooldigger.com/go/CO/schools/0336006658/school.aspx,School District No. 1,https://www.schooldigger.com/go/CO/district/03360/search.aspx,3111 West Dartmouth Avenue,Denver,https://www.schooldigger.com/go/CO/city/Denver/search.aspx,80236,Denver County,(303) 524-6320,9,12,Yes,Yes,No,No,533,47.2,11.2,85.70%,3.20%,0.20%,5.40%,87.40%,0.20%,0.80%,2.40%,39.8
198,Canon City High School,https://www.schooldigger.com/go/CO/schools/0279000172/school.aspx,Fremont Re-1,https://www.schooldigger.com/go/CO/district/02790/search.aspx,1313 College,Canon City,https://www.schooldigger.com/go/CO/city/Canon+City/search.aspx,81212,Fremont County,(719) 276-5870,9,12,No,No,No,No,936,47,19.9,49.60%,0.40%,0.40%,0.40%,16.60%,0.30%,5.00%,76.80%,39.5
199,Glenwood Springs High School,https://www.schooldigger.com/go/CO/schools/0426000588/school.aspx,Roaring Fork School District No. Re-1,https://www.schooldigger.com/go/CO/district/04260/search.aspx,1521 Grand Avenue,Glenwood Springs,https://www.schooldigger.com/go/CO/city/Glenwood+Springs/search.aspx,81601,Garfield County,(970) 384-5555,9,12,No,No,No,No,1032,55.7,18.5,46.60%,0.30%,0.30%,0.80%,57.80%,0.10%,2.70%,38.00%,39.5
200,Strasburg High School,https://www.schooldigger.com/go/CO/schools/0675001161/school.aspx,Strasburg School District 31J,https://www.schooldigger.com/go/CO/district/06750/search.aspx,56729 East Colorado Avenue,Strasburg,https://www.schooldigger.com/go/CO/city/Strasburg/search.aspx,80136,Adams County,(303) 622-9211,9,12,No,No,No,No,364,16.6,21.8,40.10%,2.20%,0.50%,1.10%,38.20%,0.50%,4.10%,53.30%,39.4
201,Colorado Summit Connections Academy,https://www.schooldigger.com/go/CO/schools/0028206838/school.aspx,Education Reenvisioned BOCES,https://www.schooldigger.com/go/CO/district/00282/search.aspx,8 Inverness Drive E #110,Englewood,https://www.schooldigger.com/go/CO/city/Englewood/search.aspx,80112,Arapahoe County,(303) 794-2302,KG,12,No,No,No,Yes,1245,68.5,18.1,,4.70%,1.20%,1.00%,33.70%,0.60%,6.70%,52.20%,39.1
202,Eagle Valley High School,https://www.schooldigger.com/go/CO/schools/0354000463/school.aspx,Eagle County School District No. Re 50,https://www.schooldigger.com/go/CO/district/03540/search.aspx,641 Valley Road,Gypsum,https://www.schooldigger.com/go/CO/city/Gypsum/search.aspx,81637,Eagle County,(970) 328-8960,9,12,No,No,No,No,980,63.7,15.3,35.70%,0.40%,0.40%,0.30%,53.00%,0.00%,2.40%,43.50%,39
203,Falcon High School,https://www.schooldigger.com/go/CO/schools/0387000507/school.aspx,El Paso County Colorado School District 49,https://www.schooldigger.com/go/CO/district/03870/search.aspx,10255 Lambert Road,Peyton,https://www.schooldigger.com/go/CO/city/Peyton/search.aspx,80831,El Paso County,(719) 495-5522,9,12,No,No,No,No,1172,59,19.8,28.80%,4.50%,0.90%,1.10%,21.20%,0.20%,8.70%,63.50%,39
204,Addenbrooke Classical Academy,https://www.schooldigger.com/go/CO/schools/0480006587/school.aspx,Jefferson County School District No. R-1,https://www.schooldigger.com/go/CO/district/04800/search.aspx,3605 S Teller Street,Lakewood,https://www.schooldigger.com/go/CO/city/Lakewood/search.aspx,80235,Jefferson County,(303) 989-1336,9,12,No,Yes,No,No,191,15.5,12.2,25.70%,0.50%,1.00%,3.10%,34.00%,0.00%,4.70%,56.50%,38.9
205,George Washington High School,https://www.schooldigger.com/go/CO/schools/0336000352/school.aspx,School District No. 1,https://www.schooldigger.com/go/CO/district/03360/search.aspx,655 South Monaco Pkwy,Denver,https://www.schooldigger.com/go/CO/city/Denver/search.aspx,80224,Denver County,(720) 423-8600,9,12,No,No,No,No,1326,64.6,20.5,55.20%,22.50%,1.10%,2.70%,41.30%,0.40%,6.70%,24.40%,38.8
206,Rocky Ford Junior/Senior High School,https://www.schooldigger.com/go/CO/schools/0627001103/school.aspx,Rocky Ford School District No. R2,https://www.schooldigger.com/go/CO/district/06270/search.aspx,100 West Washington,Rocky Ford,https://www.schooldigger.com/go/CO/city/Rocky+Ford/search.aspx,81067,Otero County,(719) 254-7431,7,12,Yes,No,No,No,271,24.2,11.1,77.50%,0.70%,0.40%,0.00%,77.50%,0.00%,0.70%,20.70%,38.3
207,Springfield Junior/Senior High School,https://www.schooldigger.com/go/CO/schools/0663001142/school.aspx,Springfield School District No. Re-4,https://www.schooldigger.com/go/CO/district/06630/search.aspx,389 Tipton Street,Springfield,https://www.schooldigger.com/go/CO/city/Springfield/search.aspx,81073,Baca County,(719) 523-6522,6,12,Yes,No,No,No,128,13.5,9.4,58.60%,0.00%,0.00%,0.00%,7.80%,0.00%,12.50%,79.70%,38.1
208,Hanover Junior-Senior High School,https://www.schooldigger.com/go/CO/schools/0450000661/school.aspx,Hanover School District No. 28,https://www.schooldigger.com/go/CO/district/04500/search.aspx,17050 South Peyton Highway,Colorado Springs,https://www.schooldigger.com/go/CO/city/Colorado+Springs/search.aspx,80928,El Paso County,(719) 683-2247,6,12,Yes,No,No,No,134,11.3,11.8,64.20%,1.50%,0.70%,0.00%,34.30%,1.50%,3.00%,59.00%,38
209,Englewood High School,https://www.schooldigger.com/go/CO/schools/0378000491/school.aspx,Englewood School District No. 1,https://www.schooldigger.com/go/CO/district/03780/search.aspx,3800 S Logan St,Englewood,https://www.schooldigger.com/go/CO/city/Englewood/search.aspx,80113,Arapahoe County,(303) 806-2200,9,12,No,No,No,No,515,34,15.1,68.00%,4.70%,0.40%,1.00%,48.90%,0.40%,3.70%,41.00%,37.7
210,Haxtun Junior/Senior High School,https://www.schooldigger.com/go/CO/schools/0456000674/school.aspx,Haxtun School District No. Re-2J,https://www.schooldigger.com/go/CO/district/04560/search.aspx,201 West Powell Street,Haxtun,https://www.schooldigger.com/go/CO/city/Haxtun/search.aspx,80731,Phillips County,(970) 774-6111,7,12,No,No,No,No,142,11.6,12.1,32.40%,1.40%,0.00%,0.70%,7.70%,1.40%,0.00%,88.70%,36.7
211,Frontier Charter Academy,https://www.schooldigger.com/go/CO/schools/0441001614/school.aspx,GreeleySchool District No. 6,https://www.schooldigger.com/go/CO/district/04410/search.aspx,2560 West 29th Street,Greeley,https://www.schooldigger.com/go/CO/city/Greeley/search.aspx,80631,Weld County,(970) 330-1780,KG,12,No,Yes,No,No,1432,68.7,20.8,41.30%,1.50%,0.20%,1.90%,36.50%,0.30%,3.70%,55.80%,36.6
212,Gunnison High School,https://www.schooldigger.com/go/CO/schools/0447000656/school.aspx,Gunnison Watershed School District Re1J,https://www.schooldigger.com/go/CO/district/04470/search.aspx,800 West Ohio,Gunnison,https://www.schooldigger.com/go/CO/city/Gunnison/search.aspx,81230,Gunnison County,(970) 641-7700,9,12,No,No,No,No,410,22.8,17.9,40.20%,1.00%,1.00%,0.50%,36.10%,0.00%,1.70%,59.80%,36.3
213,Highland High School,https://www.schooldigger.com/go/CO/schools/0231000050/school.aspx,Weld County School District No. Re-9,https://www.schooldigger.com/go/CO/district/02310/search.aspx,208 West 1st,Ault,https://www.schooldigger.com/go/CO/city/Ault/search.aspx,80610,Weld County,(970) 834-2816,9,12,No,No,No,No,299,21.7,13.7,28.80%,0.70%,0.30%,0.30%,33.40%,0.00%,4.00%,61.20%,35.9
214,Bayfield High School,https://www.schooldigger.com/go/CO/schools/0240000090/school.aspx,Bayfield School District No. 10Jt-R,https://www.schooldigger.com/go/CO/district/02400/search.aspx,800 Co Rd 501,Bayfield,https://www.schooldigger.com/go/CO/city/Bayfield/search.aspx,81122,La Plata County,(970) 884-9521,9,12,No,No,No,No,404,33,12.2,34.40%,0.50%,4.50%,0.20%,19.30%,0.00%,4.20%,71.30%,35.8
215,Custer County High School,https://www.schooldigger.com/go/CO/schools/0720001225/school.aspx,Custer County School District Consolidate 1,https://www.schooldigger.com/go/CO/district/07200/search.aspx,709 Main Street,Westcliffe,https://www.schooldigger.com/go/CO/city/Westcliffe/search.aspx,81252,Custer County,(719) 783-2291,9,12,No,No,No,No,98,7.5,12.9,48.00%,2.00%,2.00%,0.00%,9.20%,0.00%,9.20%,77.60%,35.6
216,Collegiate Academy of Colorado,https://www.schooldigger.com/go/CO/schools/0480001036/school.aspx,Jefferson County School District No. R-1,https://www.schooldigger.com/go/CO/district/04800/search.aspx,8420 South Sangre De Cristo Rd,Littleton,https://www.schooldigger.com/go/CO/city/Littleton/search.aspx,80127,Jefferson County,(303) 972-7433,PK,12,No,Yes,No,No,245,27.8,8.7,29.80%,2.00%,0.40%,3.30%,20.00%,0.00%,7.30%,66.90%,35.4
217,Colorado Early Colleges Windsor,https://www.schooldigger.com/go/CO/schools/0002006779/school.aspx,State Charter School Institute,https://www.schooldigger.com/go/CO/district/00020/search.aspx,7640 Westgate Dr,Windsor,https://www.schooldigger.com/go/CO/city/Windsor/search.aspx,80528,Larimer County,(970) 657-2860,6,12,No,Yes,No,No,196,14.8,13.1,26.00%,0.50%,0.00%,2.00%,16.30%,0.00%,3.10%,78.10%,35.2
218,Miami-Yoder Middle/High School,https://www.schooldigger.com/go/CO/schools/0567000972/school.aspx,Miami-Yoder Joint District No. 60,https://www.schooldigger.com/go/CO/district/05670/search.aspx,420 South Rush Road,Rush,https://www.schooldigger.com/go/CO/city/Rush/search.aspx,80833,El Paso County,(719) 478-2186,6,12,Yes,No,No,No,184,11.6,15.8,62.50%,1.10%,0.00%,0.00%,33.20%,0.00%,6.50%,59.20%,34.8
219,Wiley Junior-Senior High School,https://www.schooldigger.com/go/CO/schools/0732001261/school.aspx,Wiley School District No. Re-13 Jt,https://www.schooldigger.com/go/CO/district/07320/search.aspx,510 Ward Street,Wiley,https://www.schooldigger.com/go/CO/city/Wiley/search.aspx,81092,Prowers County,(719) 829-4806,6,12,No,No,No,No,115,10.3,11.1,44.30%,0.00%,0.90%,0.00%,32.20%,0.00%,0.90%,66.10%,34.8
220,Sierra Grande K-12 School,https://www.schooldigger.com/go/CO/schools/0414000572/school.aspx,Sierra Grande School District No. R-30,https://www.schooldigger.com/go/CO/district/04140/search.aspx,17523 East Highway 160,Blanca,https://www.schooldigger.com/go/CO/city/Blanca/search.aspx,81123,Costilla County,(719) 379-3257,PK,12,Yes,No,No,No,307,14.1,21.7,79.20%,0.70%,0.30%,0.00%,79.50%,0.00%,3.90%,15.60%,34.4
221,Denver Online,https://www.schooldigger.com/go/CO/schools/0336001955/school.aspx,School District No. 1,https://www.schooldigger.com/go/CO/district/03360/search.aspx,451 S. Tejon St.,Denver,https://www.schooldigger.com/go/CO/city/Denver/search.aspx,80223,Denver County,(720) 424-8281,6,12,No,No,No,Yes,611,32.2,18.9,65.60%,14.20%,0.70%,3.60%,45.80%,1.60%,7.50%,24.40%,34.1
222,Widefield High School,https://www.schooldigger.com/go/CO/schools/0648001129/school.aspx,School District No. 3,https://www.schooldigger.com/go/CO/district/06480/search.aspx,615 Widefield Drive,Colorado Springs,https://www.schooldigger.com/go/CO/city/Colorado+Springs/search.aspx,80911,El Paso County,(719) 391-3200,9,12,No,No,No,No,1193,70.2,16.9,39.20%,10.10%,0.40%,1.80%,34.90%,1.00%,11.10%,40.70%,34
223,Basalt High School,https://www.schooldigger.com/go/CO/schools/0426000584/school.aspx,Roaring Fork School District No. Re-1,https://www.schooldigger.com/go/CO/district/04260/search.aspx,600 Southside Drive,Basalt,https://www.schooldigger.com/go/CO/city/Basalt/search.aspx,81621,Pitkin County,(970) 384-5959,9,12,No,No,No,No,414,25.2,16.3,47.30%,0.00%,0.00%,0.20%,66.20%,0.00%,1.70%,31.90%,33
224,Rangeview High School,https://www.schooldigger.com/go/CO/schools/0234001389/school.aspx,Aurora Joint District No. 28,https://www.schooldigger.com/go/CO/district/02340/search.aspx,17599 East Iliff Ave,Aurora,https://www.schooldigger.com/go/CO/city/Aurora/search.aspx,80013,Arapahoe County,(303) 695-6848,9,12,No,No,No,No,2078,102.4,20.2,69.60%,20.50%,0.40%,4.60%,49.10%,0.90%,7.90%,16.60%,32.1
225,Olathe Middle/High School,https://www.schooldigger.com/go/CO/schools/0579000998/school.aspx,Montrose County School District Re-1J,https://www.schooldigger.com/go/CO/district/05790/search.aspx,410 Highway 50 Business Loop,Olathe,https://www.schooldigger.com/go/CO/city/Olathe/search.aspx,81425,Montrose County,(970) 252-7950,6,12,No,No,No,No,499,36.6,13.6,60.30%,0.20%,1.80%,0.40%,50.30%,0.00%,1.60%,45.70%,32.1
226,Mesa Ridge High School,https://www.schooldigger.com/go/CO/schools/0648001588/school.aspx,School District No. 3,https://www.schooldigger.com/go/CO/district/06480/search.aspx,6070 Mesa Ridge Parkway,Colorado Springs,https://www.schooldigger.com/go/CO/city/Colorado+Springs/search.aspx,80911,El Paso County,(719) 391-3600,9,12,No,No,No,No,1304,69.1,18.8,35.90%,12.10%,1.20%,1.40%,33.70%,1.50%,11.50%,38.70%,31.7
227,Denver Center for International Studies,https://www.schooldigger.com/go/CO/schools/0336001917/school.aspx,School District No. 1,https://www.schooldigger.com/go/CO/district/03360/search.aspx,574 West 6th Ave,Denver,https://www.schooldigger.com/go/CO/city/Denver/search.aspx,80204,Denver County,(720) 423-9000,6,12,Yes,No,Yes,No,354,26,13.5,71.50%,3.70%,4.00%,2.30%,72.00%,0.30%,5.60%,11.60%,31.4
228,Battle Mountain High School,https://www.schooldigger.com/go/CO/schools/0354000461/school.aspx,Eagle County School District No. Re 50,https://www.schooldigger.com/go/CO/district/03540/search.aspx,151 Miller Ranch Road,Edwards,https://www.schooldigger.com/go/CO/city/Edwards/search.aspx,81632,Eagle County,(970) 328-2930,9,12,No,No,No,No,916,57.4,15.9,47.20%,0.90%,0.30%,0.80%,59.50%,0.00%,1.30%,37.20%,31.3
229,Moffat County High School,https://www.schooldigger.com/go/CO/schools/0573000981/school.aspx,Moffat County School District RE: No. 1,https://www.schooldigger.com/go/CO/district/05730/search.aspx,900 Finley Lane,Craig,https://www.schooldigger.com/go/CO/city/Craig/search.aspx,81625,Moffat County,(970) 824-7036,9,12,No,No,No,No,481,33.2,14.4,44.90%,1.00%,0.40%,0.40%,29.90%,0.00%,1.90%,66.30%,31.3
230,West Grand High School,https://www.schooldigger.com/go/CO/schools/0507000830/school.aspx,West Grand School District No. 1,https://www.schooldigger.com/go/CO/district/05070/search.aspx,208 12th Street,Kremmling,https://www.schooldigger.com/go/CO/city/Kremmling/search.aspx,80459,Grand County,(970) 724-3425,9,12,No,No,No,No,123,11.7,10.5,41.50%,0.80%,0.80%,0.00%,30.10%,0.00%,3.30%,65.00%,30.5
231,Durango Big Picture High School,https://www.schooldigger.com/go/CO/schools/0348006597/school.aspx,Durango School District No. 9-R,https://www.schooldigger.com/go/CO/district/03480/search.aspx,150 Tech Center Dr,Durango,https://www.schooldigger.com/go/CO/city/Durango/search.aspx,81301,La Plata County,(970) 259-0203,9,12,No,No,No,No,99,11.1,8.9,56.60%,1.00%,8.10%,2.00%,25.30%,0.00%,5.10%,57.60%,30.4
232,Wiggins High School,https://www.schooldigger.com/go/CO/schools/0729001258/school.aspx,School District No. Re-50 Wiggins,https://www.schooldigger.com/go/CO/district/07290/search.aspx,201 Tiger Way,Wiggins,https://www.schooldigger.com/go/CO/city/Wiggins/search.aspx,80654,Morgan County,(970) 483-7761,9,12,No,No,No,No,236,16.7,14.1,39.80%,0.00%,0.00%,0.00%,33.50%,0.00%,4.20%,62.30%,30.2
233,Hayden High School,https://www.schooldigger.com/go/CO/schools/0459001348/school.aspx,Hayden School District No. Re 1,https://www.schooldigger.com/go/CO/district/04590/search.aspx,300 Breeze Basin Blvd,Hayden,https://www.schooldigger.com/go/CO/city/Hayden/search.aspx,81639,Routt County,(970) 276-3761,9,12,No,No,No,No,119,7.9,14.9,38.70%,0.80%,0.00%,0.80%,19.30%,0.80%,0.00%,78.20%,29.9
234,Riverdale Ridge High School,https://www.schooldigger.com/go/CO/schools/0258006738/school.aspx,School District 27J,https://www.schooldigger.com/go/CO/district/02580/search.aspx,13380 Yosemite Street,Thornton,https://www.schooldigger.com/go/CO/city/Thornton/search.aspx,80602,Adams County,(303) 655-6800,9,12,No,No,No,No,1784,82.2,21.7,39.20%,2.00%,0.30%,5.90%,44.50%,0.00%,4.90%,42.40%,29.5
235,Estes Park High School,https://www.schooldigger.com/go/CO/schools/0381000500/school.aspx,Estes Park School District R-3,https://www.schooldigger.com/go/CO/district/03810/search.aspx,1600 Manford Avenue,Estes Park,https://www.schooldigger.com/go/CO/city/Estes+Park/search.aspx,80517,Larimer County,(970) 586-5321,9,12,No,No,No,No,288,17.9,16,39.20%,0.30%,0.30%,1.00%,36.80%,0.00%,1.00%,60.40%,29.4
236,Vista Peak 9-12 Preparatory,https://www.schooldigger.com/go/CO/schools/0234006451/school.aspx,Aurora Joint District No. 28,https://www.schooldigger.com/go/CO/district/02340/search.aspx,24500  East 6th Avenue,Aurora,https://www.schooldigger.com/go/CO/city/Aurora/search.aspx,80018,Arapahoe County,(303) 340-0121,9,12,No,No,No,No,2045,96.5,21.1,62.10%,18.90%,0.30%,5.50%,50.30%,0.70%,6.70%,17.60%,29.1
237,Rocky Mountain Prep SMART,https://www.schooldigger.com/go/CO/schools/0336006543/school.aspx,School District No. 1,https://www.schooldigger.com/go/CO/district/03360/search.aspx,3201 W. Arizona Ave,Denver,https://www.schooldigger.com/go/CO/city/Denver/search.aspx,80219,Denver County,(303) 962-9880,9,12,Yes,Yes,No,No,604,58.4,10.3,92.20%,1.00%,0.00%,1.70%,93.90%,1.20%,0.30%,2.00%,28.7
238,Sand Creek High School,https://www.schooldigger.com/go/CO/schools/0387001594/school.aspx,El Paso County Colorado School District 49,https://www.schooldigger.com/go/CO/district/03870/search.aspx,7005 North Carefree Circle,Colorado Springs,https://www.schooldigger.com/go/CO/city/Colorado+Springs/search.aspx,80922,El Paso County,(719) 495-1160,9,12,No,No,No,No,1426,68.2,20.8,50.70%,8.20%,0.60%,2.90%,35.80%,0.50%,13.00%,39.10%,28
239,Mountain Range High School,https://www.schooldigger.com/go/CO/schools/0690001996/school.aspx,Adams 12 Five Star Schools,https://www.schooldigger.com/go/CO/district/06900/search.aspx,12500 Huron Street,Westminster,https://www.schooldigger.com/go/CO/city/Westminster/search.aspx,80234,Adams County,(720) 972-6300,9,12,No,No,No,No,1788,86.2,20.7,53.50%,1.70%,0.60%,5.80%,51.20%,0.10%,5.00%,35.50%,27.9
240,Lone Star Undivided High School,https://www.schooldigger.com/go/CO/schools/0534000895/school.aspx,Lone Star School District No. 101,https://www.schooldigger.com/go/CO/district/05340/search.aspx,44940 County Road 54,Otis,https://www.schooldigger.com/go/CO/city/Otis/search.aspx,80743,Washington County,(970) 848-2778,9,12,No,No,No,No,44,3,14.4,56.80%,0.00%,0.00%,0.00%,27.30%,0.00%,0.00%,72.70%,27.5
241,DSST: Cole High School,https://www.schooldigger.com/go/CO/schools/0336006636/school.aspx,School District No. 1,https://www.schooldigger.com/go/CO/district/03360/search.aspx,3240 Humboldt Street,Denver,https://www.schooldigger.com/go/CO/city/Denver/search.aspx,80205,Denver County,(720) 524-6354,9,12,Yes,Yes,No,No,287,28.7,9.9,82.20%,14.30%,0.70%,0.30%,79.10%,0.30%,0.70%,3.80%,27.5
242,Yuma High School,https://www.schooldigger.com/go/CO/schools/0001601821/school.aspx,Yuma 1 School District,https://www.schooldigger.com/go/CO/district/00016/search.aspx,1000 South Albany,Yuma,https://www.schooldigger.com/go/CO/city/Yuma/search.aspx,80759,Yuma County,(970) 848-5488,9,12,Yes,No,No,No,228,17.7,12.8,64.00%,0.00%,0.00%,0.00%,62.70%,0.00%,0.00%,37.30%,27.4
243,Doherty High School,https://www.schooldigger.com/go/CO/schools/0306000268/school.aspx,Colorado Springs School District No. 11,https://www.schooldigger.com/go/CO/district/03060/search.aspx,4515 Barnes Road,Colorado Springs,https://www.schooldigger.com/go/CO/city/Colorado+Springs/search.aspx,80917,El Paso County,(719) 328-6400,9,12,No,No,No,No,1715,83.2,20.6,50.60%,6.10%,0.20%,1.80%,32.40%,0.70%,10.50%,48.20%,27.4
244,Pomona Junior/Senior High School,https://www.schooldigger.com/go/CO/schools/0480000775/school.aspx,Jefferson County School District No. R-1,https://www.schooldigger.com/go/CO/district/04800/search.aspx,8101 West Pomona Drive,Arvada,https://www.schooldigger.com/go/CO/city/Arvada/search.aspx,80005,Jefferson County,(303) 982-0710,6,12,No,No,No,No,1252,71.1,17.5,47.40%,1.30%,1.10%,2.40%,41.50%,0.20%,3.90%,49.50%,27.1
245,Colorado's Finest High School of Choice,https://www.schooldigger.com/go/CO/schools/0378001310/school.aspx,Englewood School District No. 1,https://www.schooldigger.com/go/CO/district/03780/search.aspx,300 W Chenango,Englewood,https://www.schooldigger.com/go/CO/city/Englewood/search.aspx,80110,Arapahoe County,(303) 934-5786,9,12,No,No,No,No,216,18.7,11.5,57.40%,3.20%,0.90%,0.50%,35.20%,0.00%,4.60%,55.60%,27
246,Grand Valley High School,https://www.schooldigger.com/go/CO/schools/0438000631/school.aspx,Grand Valley School District No. 16,https://www.schooldigger.com/go/CO/district/04380/search.aspx,800 Cardinal Way,Parachute,https://www.schooldigger.com/go/CO/city/Parachute/search.aspx,81635,Garfield County,(970) 285-5705,9,12,No,No,No,No,293,19.9,14.6,60.80%,0.00%,0.00%,0.30%,46.10%,0.30%,3.40%,49.80%,25.6
247,Colorado Military Academy,https://www.schooldigger.com/go/CO/schools/0002006708/school.aspx,State Charter School Institute,https://www.schooldigger.com/go/CO/district/00020/search.aspx,360 Command View,Colorado Springs,https://www.schooldigger.com/go/CO/city/Colorado+Springs/search.aspx,80915,El Paso County,(719) 576-9838,PK,12,Yes,Yes,No,No,618,35.8,17.2,48.10%,10.50%,0.50%,3.40%,41.40%,1.80%,9.20%,33.20%,24.7
248,Brush High School,https://www.schooldigger.com/go/CO/schools/0261000154/school.aspx,School District No. Re-2 Brush,https://www.schooldigger.com/go/CO/district/02610/search.aspx,1600 Mill Street,Brush,https://www.schooldigger.com/go/CO/city/Brush/search.aspx,80723,Morgan County,(970) 842-5171,9,12,No,No,No,No,350,24.8,14,54.90%,0.90%,0.00%,0.30%,51.40%,0.30%,0.60%,46.60%,24.3
249,Skyline High School,https://www.schooldigger.com/go/CO/schools/0537001284/school.aspx,St. Vrain Valley School District No. Re1J,https://www.schooldigger.com/go/CO/district/05370/search.aspx,600 East Mountain View,Longmont,https://www.schooldigger.com/go/CO/city/Longmont/search.aspx,80504,Boulder County,(720) 494-3741,9,12,No,No,No,No,1082,58.5,18.4,64.10%,1.20%,0.60%,1.00%,69.00%,0.10%,3.00%,25.10%,24
250,Rocky Mountain Prep RISE,https://www.schooldigger.com/go/CO/schools/0336006689/school.aspx,School District No. 1,https://www.schooldigger.com/go/CO/district/03360/search.aspx,18250 East 51st Avenue,Denver,https://www.schooldigger.com/go/CO/city/Denver/search.aspx,80249,Denver County,(720) 485-6393,9,12,Yes,Yes,No,No,586,46.2,12.6,77.80%,16.00%,0.50%,5.80%,66.90%,3.20%,2.20%,4.90%,23.9
251,Mancos High School,https://www.schooldigger.com/go/CO/schools/0546000944/school.aspx,Mancos School District Re-6,https://www.schooldigger.com/go/CO/district/05460/search.aspx,355 West Grand Avenue,Mancos,https://www.schooldigger.com/go/CO/city/Mancos/search.aspx,81328,Montezuma County,(970) 533-7746,9,12,No,No,No,No,142,9.4,15,29.60%,0.00%,5.60%,0.70%,16.20%,0.00%,1.40%,76.10%,23.9
252,Rangely Junior/Senior High School,https://www.schooldigger.com/go/CO/schools/0618001088/school.aspx,Rangely School District RE4,https://www.schooldigger.com/go/CO/district/06180/search.aspx,234 Panther Way,Rangely,https://www.schooldigger.com/go/CO/city/Rangely/search.aspx,81648,Rio Blanco County,(970) 675-2253,6,12,No,No,No,No,249,19.3,12.8,42.20%,0.00%,1.20%,0.00%,11.60%,0.00%,3.60%,83.50%,23.6
253,Academy High School,https://www.schooldigger.com/go/CO/schools/0555001872/school.aspx,Mapleton School District No. 1,https://www.schooldigger.com/go/CO/district/05550/search.aspx,8970 York St,Thornton,https://www.schooldigger.com/go/CO/city/Thornton/search.aspx,80229,Adams County,(303) 853-1900,9,12,No,No,No,No,399,22.5,17.7,74.40%,1.50%,0.00%,2.30%,86.00%,0.00%,1.80%,8.50%,23.5
254,Palmer High School,https://www.schooldigger.com/go/CO/schools/0306000257/school.aspx,Colorado Springs School District No. 11,https://www.schooldigger.com/go/CO/district/03060/search.aspx,301 North Nevada Avenue,Colorado Springs,https://www.schooldigger.com/go/CO/city/Colorado+Springs/search.aspx,80903,El Paso County,(719) 328-5000,9,12,No,No,No,No,1265,55.9,22.6,61.40%,9.60%,0.80%,0.60%,41.00%,0.20%,8.80%,39.10%,23.4
255,Achieve Online,https://www.schooldigger.com/go/CO/schools/0306006428/school.aspx,Colorado Springs School District No. 11,https://www.schooldigger.com/go/CO/district/03060/search.aspx,2115 Afton Way,Colorado Springs,https://www.schooldigger.com/go/CO/city/Colorado+Springs/search.aspx,80909,El Paso County,(719) 328-3000,6,12,No,No,No,Yes,342,16.5,20.7,64.30%,7.60%,0.30%,1.20%,28.90%,0.30%,9.40%,52.30%,23.3
256,Northglenn High School,https://www.schooldigger.com/go/CO/schools/0690001188/school.aspx,Adams 12 Five Star Schools,https://www.schooldigger.com/go/CO/district/06900/search.aspx,601 West 100th Place,Northglenn,https://www.schooldigger.com/go/CO/city/Northglenn/search.aspx,80260,Adams County,(720) 972-4600,9,12,No,No,No,No,1844,95.8,19.2,71.70%,1.50%,0.70%,2.20%,75.00%,0.20%,3.10%,17.40%,23.1
257,Florence Junior/Senior High School,https://www.schooldigger.com/go/CO/schools/0396000514/school.aspx,Fremont Re-2,https://www.schooldigger.com/go/CO/district/03960/search.aspx,2006 State Highway 67,Florence,https://www.schooldigger.com/go/CO/city/Florence/search.aspx,81226,Fremont County,(719) 784-6414,7,12,Yes,No,No,No,572,39.5,14.4,47.90%,0.50%,0.30%,0.50%,19.40%,0.00%,5.20%,74.00%,22.9
258,Lotus School for Excellence,https://www.schooldigger.com/go/CO/schools/0234001916/school.aspx,Aurora Joint District No. 28,https://www.schooldigger.com/go/CO/district/02340/search.aspx,11001-A East Alameda Avenue,Aurora,https://www.schooldigger.com/go/CO/city/Aurora/search.aspx,80012,Arapahoe County,(303) 360-0052,KG,12,Yes,Yes,No,No,1008,66,15.2,91.80%,39.00%,0.30%,1.70%,44.80%,0.00%,3.30%,10.90%,22.9
259,Valley High School,https://www.schooldigger.com/go/CO/schools/0420000580/school.aspx,Weld County Reorganized School District No. Re-1,https://www.schooldigger.com/go/CO/district/04200/search.aspx,1001 Birch Street,Gilcrest,https://www.schooldigger.com/go/CO/city/Gilcrest/search.aspx,80623,Weld County,(970) 350-4201,9,12,No,No,No,No,483,32.7,14.7,61.10%,0.00%,0.20%,0.20%,64.80%,0.20%,3.10%,31.50%,22.5
260,Brighton High School,https://www.schooldigger.com/go/CO/schools/0258000144/school.aspx,School District 27J,https://www.schooldigger.com/go/CO/district/02580/search.aspx,270 South 8th Avenue,Brighton,https://www.schooldigger.com/go/CO/city/Brighton/search.aspx,80601,Adams County,(303) 655-4200,9,12,No,No,No,No,1733,89.8,19.2,55.70%,1.20%,0.30%,0.90%,58.90%,0.10%,2.50%,36.20%,21.8
261,Ignacio High School,https://www.schooldigger.com/go/CO/schools/0477000689/school.aspx,Ignacio School District No. 11Jt,https://www.schooldigger.com/go/CO/district/04770/search.aspx,315 Becker Street,Ignacio,https://www.schooldigger.com/go/CO/city/Ignacio/search.aspx,81137,La Plata County,(970) 563-0515,9,12,No,No,No,No,182,20.4,8.9,47.80%,0.00%,24.70%,1.10%,36.30%,0.00%,5.50%,32.40%,21.7
262,Rifle High School,https://www.schooldigger.com/go/CO/schools/0624001097/school.aspx,Garfield School District No. Re-2,https://www.schooldigger.com/go/CO/district/06240/search.aspx,1350 Prefontaine Ave,Rifle,https://www.schooldigger.com/go/CO/city/Rifle/search.aspx,81650,Garfield County,(970) 665-7725,9,12,No,No,No,No,778,38.6,20.1,48.50%,0.30%,0.10%,0.40%,60.30%,0.00%,1.90%,37.00%,21.2
263,Five Star Online Academy,https://www.schooldigger.com/go/CO/schools/0690006850/school.aspx,Adams 12 Five Star Schools,https://www.schooldigger.com/go/CO/district/06900/search.aspx,1865 W. 121st Ave #100,Westminster,https://www.schooldigger.com/go/CO/city/Westminster/search.aspx,80234,Adams County,(720) 972-7430,1,12,(n/a),No,(n/a),Yes,506,32.7,15.4,,2.60%,2.00%,3.80%,46.00%,0.00%,5.10%,39.70%,21.2
264,York International,https://www.schooldigger.com/go/CO/schools/0555002017/school.aspx,Mapleton School District No. 1,https://www.schooldigger.com/go/CO/district/05550/search.aspx,9200 York St,Thornton,https://www.schooldigger.com/go/CO/city/Thornton/search.aspx,80229,Adams County,(303) 853-1600,KG,12,Yes,No,Yes,No,776,39.9,19.4,73.50%,0.60%,0.10%,4.80%,85.40%,0.00%,1.30%,7.70%,21.1
265,North High School,https://www.schooldigger.com/go/CO/schools/0336000389/school.aspx,School District No. 1,https://www.schooldigger.com/go/CO/district/03360/search.aspx,2960 North Speer Boulevard,Denver,https://www.schooldigger.com/go/CO/city/Denver/search.aspx,80211,Denver County,(720) 423-2700,9,12,Yes,No,No,No,1653,95.2,17.3,62.60%,4.50%,1.50%,0.90%,66.80%,0.30%,3.40%,22.30%,20.9
266,Overland High School,https://www.schooldigger.com/go/CO/schools/0291001272/school.aspx,Cherry Creek School District No. 5,https://www.schooldigger.com/go/CO/district/02910/search.aspx,12400 East Jewell Avenue,Aurora,https://www.schooldigger.com/go/CO/city/Aurora/search.aspx,80012,Arapahoe County,(720) 747-3700,9,12,No,No,No,No,2228,124.3,17.9,64.80%,24.10%,0.40%,5.40%,45.10%,0.40%,7.80%,16.70%,20.6
267,Greeley West High School,https://www.schooldigger.com/go/CO/schools/0441000640/school.aspx,GreeleySchool District No. 6,https://www.schooldigger.com/go/CO/district/04410/search.aspx,2401 35th Avenue,Greeley,https://www.schooldigger.com/go/CO/city/Greeley/search.aspx,80634,Weld County,(970) 348-5400,9,12,No,No,No,No,1936,91.5,21.1,69.00%,2.50%,0.70%,2.90%,71.60%,0.30%,2.00%,20.00%,20.5
268,Prairie View High School,https://www.schooldigger.com/go/CO/schools/0258002003/school.aspx,School District 27J,https://www.schooldigger.com/go/CO/district/02580/search.aspx,12909 E 120th Ave,Henderson,https://www.schooldigger.com/go/CO/city/Henderson/search.aspx,80640,Adams County,(303) 655-8800,9,12,No,No,No,No,1809,87.3,20.7,54.10%,5.10%,0.10%,5.00%,57.80%,0.40%,3.60%,27.90%,20.2
269,Holly School,https://www.schooldigger.com/go/CO/schools/0468000681/school.aspx,Holly School District No. Re-3,https://www.schooldigger.com/go/CO/district/04680/search.aspx,206 North 3rd Street,Holly,https://www.schooldigger.com/go/CO/city/Holly/search.aspx,81047,Prowers County,(719) 537-6512,PK,12,Yes,No,No,No,276,20,13.8,64.10%,0.70%,0.00%,1.40%,51.80%,0.00%,0.40%,45.70%,19.8
270,Crowley County Junior and Senior High School,https://www.schooldigger.com/go/CO/schools/0321000282/school.aspx,Crowley County School District No. Re-1-J,https://www.schooldigger.com/go/CO/district/03210/search.aspx,602 Main St,Ordway,https://www.schooldigger.com/go/CO/city/Ordway/search.aspx,81063,Crowley County,(719) 267-3582,7,12,Yes,No,No,No,156,7,22.2,51.90%,1.90%,1.30%,0.00%,42.90%,0.00%,1.90%,51.90%,19.5
271,Sterling High School,https://www.schooldigger.com/go/CO/schools/0669001155/school.aspx,School District No. Re-1 Valley,https://www.schooldigger.com/go/CO/district/06690/search.aspx,407 W  Broadway St,Sterling,https://www.schooldigger.com/go/CO/city/Sterling/search.aspx,80751,Logan County,(970) 522-2944,9,12,No,No,No,No,421,27.1,15.5,43.70%,1.40%,0.20%,1.40%,30.40%,0.00%,2.40%,64.10%,19.1
272,William Smith High School,https://www.schooldigger.com/go/CO/schools/0234000084/school.aspx,Aurora Joint District No. 28,https://www.schooldigger.com/go/CO/district/02340/search.aspx,400 Airport Blvd,Aurora,https://www.schooldigger.com/go/CO/city/Aurora/search.aspx,80011,Arapahoe County,(303) 364-8715,9,12,No,No,No,No,410,24,17,81.50%,6.10%,0.00%,2.00%,77.60%,0.20%,3.90%,10.20%,18.9
273,Central High School,https://www.schooldigger.com/go/CO/schools/0612001037/school.aspx,Pueblo School District No. 60,https://www.schooldigger.com/go/CO/district/06120/search.aspx,216 East Orman Avenue,Pueblo,https://www.schooldigger.com/go/CO/city/Pueblo/search.aspx,81004,Pueblo County,(719) 549-7300,9,12,No,No,No,No,1145,48.7,23.4,65.40%,2.10%,0.30%,0.50%,73.70%,0.20%,2.30%,20.90%,18.2
274,Kunsmiller Creative Arts Academy,https://www.schooldigger.com/go/CO/schools/0336006442/school.aspx,School District No. 1,https://www.schooldigger.com/go/CO/district/03360/search.aspx,2250 South Quitman Way,Denver,https://www.schooldigger.com/go/CO/city/Denver/search.aspx,80219,Denver County,(720) 424-0200,1,12,Yes,No,No,No,670,43.5,15.4,82.10%,3.60%,0.40%,2.80%,80.40%,0.00%,2.40%,9.40%,17.8
275,70 Online,https://www.schooldigger.com/go/CO/schools/0615006496/school.aspx,Pueblo County School District 70,https://www.schooldigger.com/go/CO/district/06150/search.aspx,301 Lane 28,Pueblo,https://www.schooldigger.com/go/CO/city/Pueblo/search.aspx,81001,Pueblo County,(719) 295-6518,KG,12,No,No,No,Yes,209,11.1,18.7,68.40%,1.00%,0.50%,0.00%,45.90%,0.00%,5.70%,46.90%,17.4
276,Academy of Las Animas Online School,https://www.schooldigger.com/go/CO/schools/0525006678/school.aspx,Las Animas School District No. Re-1,https://www.schooldigger.com/go/CO/district/05250/search.aspx,2001 Lake Ave,Pueblo,https://www.schooldigger.com/go/CO/city/Pueblo/search.aspx,81004,Pueblo County,(800) 808-0718,6,12,Yes,No,No,Yes,474,12.5,37.7,,2.50%,0.20%,0.20%,77.60%,0.00%,0.00%,19.40%,17.1
277,Career Education Center Early College,https://www.schooldigger.com/go/CO/schools/0336000322/school.aspx,School District No. 1,https://www.schooldigger.com/go/CO/district/03360/search.aspx,2650 Eliot Street,Denver,https://www.schooldigger.com/go/CO/city/Denver/search.aspx,80211,Denver County,(720) 423-6600,9,12,Yes,No,No,No,468,43.6,10.7,85.50%,2.40%,0.40%,0.90%,91.70%,0.00%,1.10%,3.60%,16.8
278,Ellicott Senior High School,https://www.schooldigger.com/go/CO/schools/0375000485/school.aspx,Ellicott School District No. 22,https://www.schooldigger.com/go/CO/district/03750/search.aspx,375 South Ellicott Highway,Calhan,https://www.schooldigger.com/go/CO/city/Calhan/search.aspx,80808,El Paso County,(719) 683-2700,9,12,No,No,No,No,259,17,15.2,60.20%,3.10%,0.00%,0.00%,47.10%,0.00%,5.40%,44.40%,16.8
279,Greeley Central High School,https://www.schooldigger.com/go/CO/schools/0441000641/school.aspx,GreeleySchool District No. 6,https://www.schooldigger.com/go/CO/district/04410/search.aspx,1515  14th Avenue,Greeley,https://www.schooldigger.com/go/CO/city/Greeley/search.aspx,80631,Weld County,(970) 348-5000,9,12,No,No,No,No,1507,70.8,21.2,69.60%,5.20%,0.50%,3.30%,68.20%,0.70%,1.60%,20.40%,16.7
280,5280 High School,https://www.schooldigger.com/go/CO/schools/0336006756/school.aspx,School District No. 1,https://www.schooldigger.com/go/CO/district/03360/search.aspx,1200 W Mississippi Ave,Denver,https://www.schooldigger.com/go/CO/city/Denver/search.aspx,80223,Denver County,(720) 919-1056,9,12,Yes,Yes,No,No,109,12.8,8.5,37.60%,3.70%,0.90%,0.00%,28.40%,0.00%,1.80%,62.40%,15.7
281,KIPP Denver Collegiate High School,https://www.schooldigger.com/go/CO/schools/0336006448/school.aspx,School District No. 1,https://www.schooldigger.com/go/CO/district/03360/search.aspx,451 South Tejon Street,Denver,https://www.schooldigger.com/go/CO/city/Denver/search.aspx,80223,Denver County,(303) 922-5324,9,12,Yes,Yes,No,No,477,39.8,11.9,88.10%,1.70%,0.80%,0.40%,94.10%,0.60%,0.80%,1.50%,15.4
282,Cripple Creek-Victor Junior-Senior High School,https://www.schooldigger.com/go/CO/schools/0318000281/school.aspx,Cripple Creek-Victor School District No. Re-1,https://www.schooldigger.com/go/CO/district/03180/search.aspx,410 N. B  Street,Cripple Creek,https://www.schooldigger.com/go/CO/city/Cripple+Creek/search.aspx,80813,Teller County,(719) 689-2661,6,12,Yes,No,No,No,162,12.4,13,70.40%,2.50%,1.90%,0.60%,6.20%,0.00%,0.60%,88.30%,15.4
283,Bennett High School,https://www.schooldigger.com/go/CO/schools/0243000092/school.aspx,Bennett School District No. 29J,https://www.schooldigger.com/go/CO/district/02430/search.aspx,610 7th Street,Bennett,https://www.schooldigger.com/go/CO/city/Bennett/search.aspx,80102,Adams County,(303) 644-3234,9,12,No,No,No,No,431,22.4,19.2,29.70%,1.20%,1.40%,0.20%,52.70%,0.20%,5.60%,38.70%,15.3
284,Harrison High School,https://www.schooldigger.com/go/CO/schools/0453000667/school.aspx,Harrison School District No. 2,https://www.schooldigger.com/go/CO/district/04530/search.aspx,2755 Janitell Road,Colorado Springs,https://www.schooldigger.com/go/CO/city/Colorado+Springs/search.aspx,80906,El Paso County,(719) 579-2080,9,12,Yes,No,No,No,1089,62,17.5,72.50%,15.60%,0.60%,2.50%,57.90%,0.50%,7.70%,15.20%,15.3
285,Trinidad High School,https://www.schooldigger.com/go/CO/schools/0696001205/school.aspx,Trinidad School District 1,https://www.schooldigger.com/go/CO/district/06960/search.aspx,816 West Street,Trinidad,https://www.schooldigger.com/go/CO/city/Trinidad/search.aspx,81082,Las Animas County,(719) 846-2971,9,12,Yes,No,No,No,204,14.4,14.1,67.20%,1.00%,1.50%,0.00%,69.60%,0.00%,1.50%,26.50%,15.2
286,Monte Vista Senior High School,https://www.schooldigger.com/go/CO/schools/0576001356/school.aspx,Monte Vista School District No. C-8,https://www.schooldigger.com/go/CO/district/05760/search.aspx,295 East Prospect,Monte Vista,https://www.schooldigger.com/go/CO/city/Monte+Vista/search.aspx,81144,Rio Grande County,(719) 852-3586,9,12,No,No,No,No,272,19.7,13.7,62.10%,0.70%,0.40%,0.00%,69.90%,0.00%,1.50%,27.20%,14.5
287,Northridge High School,https://www.schooldigger.com/go/CO/schools/0441001788/school.aspx,GreeleySchool District No. 6,https://www.schooldigger.com/go/CO/district/04410/search.aspx,100 71st Avenue,Greeley,https://www.schooldigger.com/go/CO/city/Greeley/search.aspx,80634,Weld County,(970) 348-5200,9,12,No,No,No,No,1322,66.1,19.9,68.50%,2.00%,0.20%,2.20%,76.50%,0.20%,1.40%,17.50%,14.4
288,Lamar High School,https://www.schooldigger.com/go/CO/schools/0522000862/school.aspx,Lamar School District No. Re-2,https://www.schooldigger.com/go/CO/district/05220/search.aspx,1900 Thunder Drive,Lamar,https://www.schooldigger.com/go/CO/city/Lamar/search.aspx,81052,Prowers County,(719) 336-3488,9,12,No,No,No,No,393,25.3,15.5,68.20%,0.30%,0.00%,0.30%,64.60%,0.00%,1.30%,33.60%,14.1
289,Mapleton Early Career Preparation,https://www.schooldigger.com/go/CO/schools/0555001858/school.aspx,Mapleton School District No. 1,https://www.schooldigger.com/go/CO/district/05550/search.aspx,8980 York St,Thornton,https://www.schooldigger.com/go/CO/city/Thornton/search.aspx,80229,Adams County,(303) 853-1960,9,12,No,No,No,No,306,15.8,19.3,72.20%,0.00%,0.30%,3.30%,88.60%,0.30%,1.30%,6.20%,13.7
290,South High School,https://www.schooldigger.com/go/CO/schools/0612001064/school.aspx,Pueblo School District No. 60,https://www.schooldigger.com/go/CO/district/06120/search.aspx,1801 Hollywood Drive,Pueblo,https://www.schooldigger.com/go/CO/city/Pueblo/search.aspx,81005,Pueblo County,(719) 549-7255,9,12,No,No,No,No,795,43.2,18.3,73.20%,3.00%,0.10%,0.80%,67.50%,0.40%,2.90%,25.30%,13.6
291,KIPP Northeast Denver Leadership Academy,https://www.schooldigger.com/go/CO/schools/0336006670/school.aspx,School District No. 1,https://www.schooldigger.com/go/CO/district/03360/search.aspx,18250 East 51st Avenue,Denver,https://www.schooldigger.com/go/CO/city/Denver/search.aspx,80249,Denver County,(720) 452-2570,9,12,Yes,Yes,No,No,555,40.5,13.6,68.50%,18.00%,0.40%,10.30%,63.10%,4.10%,2.00%,2.20%,13.5
292,Montbello High School,https://www.schooldigger.com/go/CO/schools/0336006528/school.aspx,School District No. 1,https://www.schooldigger.com/go/CO/district/03360/search.aspx,5000 Crown Blvd,Denver,https://www.schooldigger.com/go/CO/city/Denver/search.aspx,80239,Denver County,(720) 423-5900,9,12,Yes,No,No,No,1112,71.6,15.5,86.90%,15.30%,0.20%,2.10%,74.10%,4.40%,2.30%,1.40%,13.3
293,Mapleton Expeditionary School of the Arts,https://www.schooldigger.com/go/CO/schools/0555001857/school.aspx,Mapleton School District No. 1,https://www.schooldigger.com/go/CO/district/05550/search.aspx,8980 York St,Thornton,https://www.schooldigger.com/go/CO/city/Thornton/search.aspx,80299,Adams County,(303) 853-1270,9,12,No,No,No,No,393,23.2,16.9,69.20%,2.00%,0.30%,1.50%,79.90%,0.50%,2.80%,13.00%,13.1
294,Patriot High School,https://www.schooldigger.com/go/CO/schools/0387006403/school.aspx,El Paso County Colorado School District 49,https://www.schooldigger.com/go/CO/district/03870/search.aspx,11990 Swingline Road,Falcon,https://www.schooldigger.com/go/CO/city/Falcon/search.aspx,80831,El Paso County,(719) 495-5505,6,12,No,No,No,No,115,12.5,9.1,38.30%,1.70%,0.90%,0.90%,32.20%,0.00%,7.80%,56.50%,12.9
295,Sierra High School,https://www.schooldigger.com/go/CO/schools/0453001382/school.aspx,Harrison School District No. 2,https://www.schooldigger.com/go/CO/district/04530/search.aspx,2250 Jet Wing Drive,Colorado Springs,https://www.schooldigger.com/go/CO/city/Colorado+Springs/search.aspx,80916,El Paso County,(719) 579-2090,9,12,Yes,No,No,No,843,49.5,17,72.50%,17.30%,0.60%,2.10%,56.20%,1.40%,7.00%,15.30%,12.9
296,Burlington High School,https://www.schooldigger.com/go/CO/schools/0267000162/school.aspx,Burlington Public School District No. Re-6j,https://www.schooldigger.com/go/CO/district/02670/search.aspx,380 Mike Lounge Drive,Burlington,https://www.schooldigger.com/go/CO/city/Burlington/search.aspx,80807,Kit Carson County,(719) 346-8455,9,12,No,No,No,No,216,12.8,16.7,63.90%,2.80%,0.90%,1.40%,47.70%,0.00%,1.40%,45.80%,12.9
297,Centennial High School,https://www.schooldigger.com/go/CO/schools/0612001035/school.aspx,Pueblo School District No. 60,https://www.schooldigger.com/go/CO/district/06120/search.aspx,2525 Montview Dirve,Pueblo,https://www.schooldigger.com/go/CO/city/Pueblo/search.aspx,81008,Pueblo County,(719) 549-7337,9,12,No,No,No,No,801,46,17.4,70.40%,3.00%,0.40%,1.40%,68.80%,0.10%,2.70%,23.60%,12.2
298,Westminster High School,https://www.schooldigger.com/go/CO/schools/0723001254/school.aspx,Westminster Public Schools,https://www.schooldigger.com/go/CO/district/07230/search.aspx,6933 Raleigh St,Westminster,https://www.schooldigger.com/go/CO/city/Westminster/search.aspx,80030,Adams County,(303) 657-3980,9,12,No,No,No,No,2010,85.3,23.5,82.00%,1.60%,0.40%,3.30%,82.60%,0.50%,1.40%,10.10%,11.8
299,Arvada High School,https://www.schooldigger.com/go/CO/schools/0480000694/school.aspx,Jefferson County School District No. R-1,https://www.schooldigger.com/go/CO/district/04800/search.aspx,7951 West 65th Avenue,Arvada,https://www.schooldigger.com/go/CO/city/Arvada/search.aspx,80004,Jefferson County,(303) 982-0162,9,12,No,No,No,No,754,39.4,19,71.00%,3.60%,1.10%,1.10%,62.20%,0.40%,3.40%,28.20%,11.7
300,John F Kennedy High School,https://www.schooldigger.com/go/CO/schools/0336000367/school.aspx,School District No. 1,https://www.schooldigger.com/go/CO/district/03360/search.aspx,2855 South Lamar Street,Denver,https://www.schooldigger.com/go/CO/city/Denver/search.aspx,80227,Denver County,(720) 423-4300,9,12,Yes,No,No,No,681,49,13.8,78.90%,3.40%,0.40%,7.20%,76.10%,0.00%,2.20%,10.70%,11.1
301,Colorado Early Colleges Aurora,https://www.schooldigger.com/go/CO/schools/0002006710/school.aspx,State Charter School Institute,https://www.schooldigger.com/go/CO/district/00020/search.aspx,1400 S Abilene St.,Aurora,https://www.schooldigger.com/go/CO/city/Aurora/search.aspx,80012,Arapahoe County,(720) 572-5040,9,12,Yes,Yes,No,No,567,23.4,24.1,77.10%,12.90%,0.50%,2.80%,66.10%,0.50%,4.90%,12.20%,10.9
302,Northeast Early College,https://www.schooldigger.com/go/CO/schools/0336006527/school.aspx,School District No. 1,https://www.schooldigger.com/go/CO/district/03360/search.aspx,11200 E 45th Ave,Denver,https://www.schooldigger.com/go/CO/city/Denver/search.aspx,80239,Denver County,(720) 424-2450,9,12,Yes,No,No,No,507,32.5,15.5,85.80%,11.20%,0.40%,1.00%,79.50%,2.40%,3.00%,2.60%,10.5
303,Vanguard Classical School - East,https://www.schooldigger.com/go/CO/schools/0234006611/school.aspx,Aurora Joint District No. 28,https://www.schooldigger.com/go/CO/district/02340/search.aspx,17101 East Ohio Drive,Aurora,https://www.schooldigger.com/go/CO/city/Aurora/search.aspx,80017,Arapahoe County,(303) 338-4110,KG,12,No,Yes,No,No,690,48,14.3,79.70%,39.00%,0.10%,2.30%,43.60%,0.40%,3.50%,11.00%,10.1
304,Hinkley High School,https://www.schooldigger.com/go/CO/schools/0234000064/school.aspx,Aurora Joint District No. 28,https://www.schooldigger.com/go/CO/district/02340/search.aspx,1250 Chambers Road,Aurora,https://www.schooldigger.com/go/CO/city/Aurora/search.aspx,80011,Arapahoe County,(303) 340-1500,9,12,No,No,No,No,1527,70,21.8,87.80%,11.50%,1.10%,3.50%,75.60%,1.60%,2.20%,4.50%,9.8
305,East High School,https://www.schooldigger.com/go/CO/schools/0612001040/school.aspx,Pueblo School District No. 60,https://www.schooldigger.com/go/CO/district/06120/search.aspx,9 Mac Neil Road,Pueblo,https://www.schooldigger.com/go/CO/city/Pueblo/search.aspx,81001,Pueblo County,(719) 549-7222,9,12,No,No,No,No,1081,54.2,19.9,82.40%,2.50%,0.60%,0.20%,79.30%,0.10%,1.20%,16.20%,9.8
306,Summit Academy,https://www.schooldigger.com/go/CO/schools/0336006491/school.aspx,School District No. 1,https://www.schooldigger.com/go/CO/district/03360/search.aspx,5590 W Evans Ave.,Denver,https://www.schooldigger.com/go/CO/city/Denver/search.aspx,80227,Denver County,(720) 424-2400,6,12,Yes,No,No,No,236,19.3,12.1,91.90%,1.70%,0.40%,0.00%,94.90%,0.00%,0.00%,2.50%,9.7
307,Walsenburg Junior Senior High School,https://www.schooldigger.com/go/CO/schools/0708001212/school.aspx,Huerfano School District Re-1,https://www.schooldigger.com/go/CO/district/07080/search.aspx,355 West Pine Street,Walsenburg,https://www.schooldigger.com/go/CO/city/Walsenburg/search.aspx,81089,Huerfano County,(719) 738-1610,7,12,Yes,No,No,No,179,8.5,20.9,88.30%,2.20%,1.10%,0.00%,60.30%,0.00%,1.10%,35.20%,9.5
308,The Pinnacle Charter School,https://www.schooldigger.com/go/CO/schools/0002001915/school.aspx,State Charter School Institute,https://www.schooldigger.com/go/CO/district/00020/search.aspx,1001 W 84th Ave,Federal Heights,https://www.schooldigger.com/go/CO/city/Federal+Heights/search.aspx,80260,Adams County,(303) 450-3985,KG,12,Yes,Yes,No,No,1905,110.8,17.1,81.00%,1.00%,0.40%,1.50%,87.60%,0.10%,0.80%,8.60%,9.3
309,Paragon Learning Center,https://www.schooldigger.com/go/CO/schools/0612006713/school.aspx,Pueblo School District No. 60,https://www.schooldigger.com/go/CO/district/06120/search.aspx,3000 Lakeview Avenue,Pueblo,https://www.schooldigger.com/go/CO/city/Pueblo/search.aspx,81005,Pueblo County,(719) 423-3570,9,12,Yes,No,No,Yes,476,21.9,21.6,,2.50%,0.40%,0.40%,72.90%,0.00%,2.10%,21.60%,9.2
310,Chavez/Huerta K-12 Preparatory Academy,https://www.schooldigger.com/go/CO/schools/0612001730/school.aspx,Pueblo School District No. 60,https://www.schooldigger.com/go/CO/district/06120/search.aspx,2500 West 18th Street,Pueblo,https://www.schooldigger.com/go/CO/city/Pueblo/search.aspx,81003,Pueblo County,(719) 295-1623,KG,12,Yes,Yes,No,No,844,34.8,24.2,87.30%,1.40%,0.20%,0.70%,83.40%,0.10%,0.60%,13.50%,8.9
311,Mitchell High School,https://www.schooldigger.com/go/CO/schools/0306000254/school.aspx,Colorado Springs School District No. 11,https://www.schooldigger.com/go/CO/district/03060/search.aspx,1205 Potter Drive,Colorado Springs,https://www.schooldigger.com/go/CO/city/Colorado+Springs/search.aspx,80909,El Paso County,(719) 328-6600,9,12,Yes,No,No,No,757,46.8,16.1,69.20%,8.10%,0.30%,1.50%,60.10%,0.00%,7.70%,22.50%,7.8
312,Aurora West College Preparatory Academy,https://www.schooldigger.com/go/CO/schools/0234000082/school.aspx,Aurora Joint District No. 28,https://www.schooldigger.com/go/CO/district/02340/search.aspx,10100 East 13th Ave,Aurora,https://www.schooldigger.com/go/CO/city/Aurora/search.aspx,80010,Arapahoe County,(303) 366-2671,6,12,Yes,No,No,No,927,46,20.1,94.10%,13.40%,1.10%,6.40%,73.90%,0.90%,1.60%,2.80%,6.9
313,Alameda International Junior/Senior High School,https://www.schooldigger.com/go/CO/schools/0480000691/school.aspx,Jefferson County School District No. R-1,https://www.schooldigger.com/go/CO/district/04800/search.aspx,1255 South Wadsworth Blvd,Lakewood,https://www.schooldigger.com/go/CO/city/Lakewood/search.aspx,80232,Jefferson County,(303) 982-8160,7,12,Yes,No,No,No,1002,66.9,14.9,65.40%,2.00%,0.70%,4.90%,77.50%,0.30%,1.90%,12.70%,6.7
314,Thornton High School,https://www.schooldigger.com/go/CO/schools/0690001192/school.aspx,Adams 12 Five Star Schools,https://www.schooldigger.com/go/CO/district/06900/search.aspx,9351 Washington Street,Thornton,https://www.schooldigger.com/go/CO/city/Thornton/search.aspx,80229,Adams County,(720) 972-4800,9,12,No,No,No,No,1439,88,16.3,78.70%,1.50%,0.40%,9.70%,71.30%,0.10%,1.60%,15.10%,6.7
315,Manual High School,https://www.schooldigger.com/go/CO/schools/0336006328/school.aspx,School District No. 1,https://www.schooldigger.com/go/CO/district/03360/search.aspx,1700 East 28th Avenue,Denver,https://www.schooldigger.com/go/CO/city/Denver/search.aspx,80205,Denver County,(720) 423-6300,9,12,Yes,No,No,No,348,22.6,15.3,78.20%,34.80%,0.30%,0.60%,52.90%,0.60%,5.70%,5.20%,6.6
316,Global Leadership Academy,https://www.schooldigger.com/go/CO/schools/0555001860/school.aspx,Mapleton School District No. 1,https://www.schooldigger.com/go/CO/district/05550/search.aspx,7480 Conifer Road,Denver,https://www.schooldigger.com/go/CO/city/Denver/search.aspx,80221,Adams County,(303) 853-1930,9,12,No,No,No,No,400,16.7,23.9,75.80%,0.80%,0.50%,0.30%,94.80%,0.00%,0.50%,3.30%,6.6
317,GOAL Academy,https://www.schooldigger.com/go/CO/schools/0387006393/school.aspx,El Paso County Colorado School District 49,https://www.schooldigger.com/go/CO/district/03870/search.aspx,304 S. Victoria Ave,Pueblo,https://www.schooldigger.com/go/CO/city/Pueblo/search.aspx,81003,Pueblo County,(877) 776-4625,9,12,No,Yes,No,Yes,6693,216,30.9,,3.50%,1.60%,0.30%,49.70%,0.30%,5.30%,39.30%,6.5
318,Dr. Martin Luther King Junior Early College,https://www.schooldigger.com/go/CO/schools/0336001406/school.aspx,School District No. 1,https://www.schooldigger.com/go/CO/district/03360/search.aspx,19535 East 46th Avenue,Denver,https://www.schooldigger.com/go/CO/city/Denver/search.aspx,80249,Denver County,(720) 424-0420,6,12,Yes,No,No,No,1027,64.7,15.8,79.00%,20.90%,0.40%,7.40%,58.90%,4.20%,3.70%,4.40%,6.3
319,Gateway High School,https://www.schooldigger.com/go/CO/schools/0234000063/school.aspx,Aurora Joint District No. 28,https://www.schooldigger.com/go/CO/district/02340/search.aspx,1300 South Sable Blvd,Aurora,https://www.schooldigger.com/go/CO/city/Aurora/search.aspx,80012,Arapahoe County,(303) 755-7160,9,12,No,No,No,No,1748,83.3,20.9,83.10%,18.40%,1.00%,4.20%,63.60%,1.00%,3.80%,8.10%,6.2
320,Jefferson Junior/Senior High School,https://www.schooldigger.com/go/CO/schools/0480000739/school.aspx,Jefferson County School District No. R-1,https://www.schooldigger.com/go/CO/district/04800/search.aspx,2305 Pierce Street,Edgewater,https://www.schooldigger.com/go/CO/city/Edgewater/search.aspx,80214,Jefferson County,(303) 982-6056,7,12,Yes,No,No,No,601,44,13.6,78.70%,2.80%,0.80%,0.20%,86.00%,0.80%,2.70%,6.70%,5.4
321,West High School,https://www.schooldigger.com/go/CO/schools/0336006551/school.aspx,School District No. 1,https://www.schooldigger.com/go/CO/district/03360/search.aspx,951 Elati St,Denver,https://www.schooldigger.com/go/CO/city/Denver/search.aspx,80204,Denver County,(720) 423-5300,9,12,Yes,No,No,No,519,42.3,12.2,90.90%,8.70%,0.40%,1.20%,85.50%,0.20%,0.80%,2.30%,5.4
322,Aurora Central Campus,https://www.schooldigger.com/go/CO/schools/0234000056/school.aspx,Aurora Joint District No. 28,https://www.schooldigger.com/go/CO/district/02340/search.aspx,11700 East 11th Ave,Aurora,https://www.schooldigger.com/go/CO/city/Aurora/search.aspx,80010,Arapahoe County,(303) 340-1600,PK,12,No,No,No,No,2468,138,17.8,89.30%,13.50%,1.00%,2.90%,69.80%,1.10%,4.20%,7.50%,5
323,The Bijou School,https://www.schooldigger.com/go/CO/schools/0306001888/school.aspx,Colorado Springs School District No. 11,https://www.schooldigger.com/go/CO/district/03060/search.aspx,2115 Afton Way,Colorado Springs,https://www.schooldigger.com/go/CO/city/Colorado+Springs/search.aspx,80909,El Paso County,(719) 328-7900,9,12,No,No,No,No,134,8,16.7,76.90%,8.20%,0.00%,0.00%,37.30%,0.00%,5.20%,49.30%,5
324,Bruce Randolph School,https://www.schooldigger.com/go/CO/schools/0336001869/school.aspx,School District No. 1,https://www.schooldigger.com/go/CO/district/03360/search.aspx,3955 Steele Street,Denver,https://www.schooldigger.com/go/CO/city/Denver/search.aspx,80205,Denver County,(720) 424-1080,6,12,Yes,No,No,No,663,45.4,14.5,88.50%,6.30%,0.30%,0.30%,87.90%,1.50%,2.10%,1.50%,4.8
325,Abraham Lincoln High School,https://www.schooldigger.com/go/CO/schools/0336000305/school.aspx,School District No. 1,https://www.schooldigger.com/go/CO/district/03360/search.aspx,2285 South Federal Boulevard,Denver,https://www.schooldigger.com/go/CO/city/Denver/search.aspx,80219,Denver County,(720) 423-5000,9,12,Yes,No,No,No,965,72.6,13.2,88.90%,5.70%,0.30%,2.60%,86.90%,0.50%,1.10%,2.80%,4.3
326,Hope Online Learning Academy County-Op,https://www.schooldigger.com/go/CO/schools/0345006391/school.aspx,Douglas County School District No. Re 1,https://www.schooldigger.com/go/CO/district/03450/search.aspx,9780 Pyramid Ct Ste 100,Englewood,https://www.schooldigger.com/go/CO/city/Englewood/search.aspx,80112,Douglas County,(720) 402-3000,6,12,Yes,Yes,No,Yes,1307,48.9,26.6,69.30%,1.10%,0.90%,0.50%,69.60%,0.20%,0.80%,26.90%,3.4
327,Hidden Lake Secondary,https://www.schooldigger.com/go/CO/schools/0723001877/school.aspx,Westminster Public Schools,https://www.schooldigger.com/go/CO/district/07230/search.aspx,7300 Lowell Boulevard,Westminster,https://www.schooldigger.com/go/CO/city/Westminster/search.aspx,80030,Adams County,(303) 428-2600,6,12,No,No,No,No,340,19,17.8,87.60%,0.60%,1.20%,0.90%,85.00%,0.60%,1.20%,10.60%,3.1
328,Nikola Tesla Education Opportunity Center,https://www.schooldigger.com/go/CO/schools/0306000232/school.aspx,Colorado Springs School District No. 11,https://www.schooldigger.com/go/CO/district/03060/search.aspx,3302 Alpine Place,Colorado Springs,https://www.schooldigger.com/go/CO/city/Colorado+Springs/search.aspx,80909,El Paso County,(719) 328-3100,6,12,Yes,No,No,No,291,18.2,15.9,79.00%,8.20%,1.00%,0.70%,44.70%,1.70%,13.10%,30.60%,0.7